"Category","Term","Count","%","PValue","Genes","List Total","Pop Hits","Pop Total","Fold Enrichment","Bonferroni","Benjamini","FDR","type"
"UP_KEYWORDS","Plasmid",169,94.9438202247191,5.98095511561804e-53,"Q92V07, Q92Z03, Q92WK1, Q92W27, Q92WK0, Q92UG7, Q92VI6, Q92ZI8, Q92UG9, P58264, Q92UW7, Q92WS1, Q92VY8, Q92VY7, Q92V02, Q92U69, Q92WS4, Q92X44, Q92W17, Q92WR7, Q92X37, Q92ZP0, P09818, Q92VH3, Q92YN6, Q92VH1, Q92WJ2, Q92VH0, Q92XD1, Q92WJ8, Q92WJ7, Q92WJ5, Q92XD4, Q92UF7, Q92VH8, Q92WJ9, Q92XD2, Q92XC9, Q92W13, Q92UN2, Q92WR2, Q92Y46, Q92W04, P28266, Q92W03, P56895, Q92VG1, Q926H2, Q92VG0, Q92W08, Q926H0, Q92YM2, Q92UE5, Q92VG6, Q92WI7, Q92TK9, Q92WI9, Q926H9, Q92XB6, Q92XB4, Q92WY1, Q930Q1, Q92WY7, Q92TS4, Q92W85, Q92U48, Q92UU8, B3KLY3, Q92W00, Q92YL0, P25200, Q92VF1, Q92VF0, Q92X19, Q92VF5, Q92UD3, Q92ZN7, Q92VF6, Q92XA4, Q92X91, Q92WX0, Q92XA8, Q92TZ9, Q92TZ8, Q92UT8, Q92UL0, Q92W77, Q92U27, Q92UK5, Q92ZM1, Q92WG4, Q92ZM6, Q7ANP1, Q92VE8, P58338, Q92YB6, Q92TY6, Q92X85, Q92U21, Q92W62, Q92US7, Q92U26, Q92V45, Q92V44, Q92VU5, Q92VL1, Q92Y13, Q92VT8, Q92YJ1, Q92YJ0, Q92ZL7, Q92VD1, Q92ZL4, Q92VD0, Q92WF7, Q92TX0, Q92UA6, Q92U93, Q92U92, P06230, Q92U99, Q92X74, Q92WV3, Q92Y93, Q92U97, Q92W50, Q92X75, Q92YQ5, Q92YQ4, Q92ZS5, Q92VK0, Q92UQ7, Q92VS8, Q92YQ6, P58477, Q92TG6, Q92UA2, Q92TW2, Q92X63, Q52892, Q92WU1, Q92Y81, Q92YQ1, Q92X67, Q92V23, Q92X64, Q92U01, Q92ZR5, Q92V16, Q92ZJ1, Q92UH4, Q92VJ4, Q9EXV4, Q92YP9, P56904, Q92UX0, Q92VZ0, Q92WC7, Q92VA6, Q92TV3, P56908, Q92YX4, Q92V98, Q92TV7, Q92U76, Q92ZZ2, Q92ZR1, Q92YX6, Q92V99",172,2874,6208,2.12238028191807,3.94743037630791e-51,3.94743037630791e-51,3.94743037630791e-51,"GxE_DZA1"
"INTERPRO","IPR000843:Transcription regulator HTH, LacI",6,3.37078651685393,0.00100848529978191,"Q92TX0, Q92VZ0, Q92WI7, Q92TS4, Q92VD1, Q92UN2",154,28,5380,7.4860853432282,0.249910942764855,0.287418310437844,0.287418310437844,"GxE_DZA1"
"SMART","SM00354:HTH_LACI",6,3.37078651685393,0.00263674498033181,"Q92TX0, Q92VZ0, Q92WI7, Q92TS4, Q92VD1, Q92UN2",43,28,1155,5.75581395348837,0.0858565101006059,0.0896493293312816,0.0896493293312816,"GxE_DZA1"
"INTERPRO","IPR010982:Lambda repressor-like, DNA-binding domain",7,3.93258426966292,0.00481635549041015,"Q92TX0, Q92VZ0, Q92WI7, Q92TS4, Q92VD1, Q92UN2, B3KLY3",154,56,5380,4.36688311688311,0.747407454273393,0.686330657383447,0.686330657383447,"GxE_DZA1"
"UP_KEYWORDS","Transport",24,13.4831460674157,0.00953655677033573,"Q92WK1, Q92X37, Q92ZP0, Q92VT8, P09818, P56895, Q92X19, Q92ZM1, Q92ZN7, Q92VD0, Q92WI9, Q92UX0, Q92YB6, Q92WC7, Q930Q1, P56908, Q92V98, Q92W85, Q92WV3, Q92Y93, Q92ZZ2, Q92U26, Q92WS4, Q92W77",172,499,6208,1.73593699025958,0.468702515633716,0.314706373421079,0.314706373421079,"GxE_DZA1"
"KEGG_PATHWAY","sme00190:Oxidative phosphorylation",7,3.93258426966292,0.00958667157418131,"Q92ZP0, Q92U27, Q92YN6, P56895, P56908, Q92ZN7, Q92U26",43,79,1765,3.63703267589049,0.306532526233211,0.364293519818889,0.364293519818889,"GxE_DZA1"
"INTERPRO","IPR011990:Tetratricopeptide-like helical",5,2.80898876404494,0.0353825965728692,"Q92YL0, Q92W27, Q92VA6, Q92UK5, Q92NW0",154,44,5380,3.96989374262101,0.999965230252594,1,1,"GxE_DZA1"
"GOTERM_BP_DIRECT","GO:0009877~nodulation",4,2.24719101123595,0.0357563582653737,"P25200, P28266, P06230, Q52892",68,28,2544,5.34453781512605,0.798526242200776,1,1,"GxE_DZA1"
"UP_KEYWORDS","Electron transport",4,2.24719101123595,0.037002074125577,"Q92ZP0, P09818, Q92ZN7, Q92U26",172,27,6208,5.34711455641688,0.916962700968423,0.456297062079675,0.456297062079675,"GxE_DZA1"
"UP_KEYWORDS","Transmembrane helix",43,24.1573033707865,0.0402558936497865,"Q92YQ5, Q92V07, Q92WK1, Q92U27, P56895, Q92VG1, Q92VG0, Q92UK5, Q92ZM1, Q92YM2, Q92WI9, Q92UG9, Q926H9, Q930Q1, Q92X85, Q92W85, Q92U26, Q92U48, Q92V02, Q92WS4, Q92W00, Q92ZR5, Q92WR7, Q92X37, Q92VT8, Q92ZP0, Q92VF1, Q92UH4, Q92YN6, Q92X19, Q92WJ2, Q92WJ7, Q92ZN7, Q92VD0, Q92XD2, Q92VF6, Q92WC7, Q92X91, Q92V98, P06230, Q92Y93, Q92ZZ2, Q92W77",172,1179,6208,1.31636980491942,0.933585951553834,0.456297062079675,0.456297062079675,"GxE_DZA1"
"UP_KEYWORDS","Nodulation",4,2.24719101123595,0.0406277793528888,"P25200, P28266, P06230, Q52892",172,28,6208,5.15614617940199,0.935263208203163,0.456297062079675,0.456297062079675,"GxE_DZA1"
"UP_KEYWORDS","Respiratory chain",3,1.68539325842696,0.0482126961171425,"Q92ZP0, Q92ZN7, Q92U26",172,13,6208,8.32915921288014,0.961661608786796,0.456297062079675,0.456297062079675,"GxE_DZA1"
"UP_KEYWORDS","Heme",4,2.24719101123595,0.0483951429478443,"Q92ZP0, Q92ZN7, Q92U26, Q926H9",172,30,6208,4.81240310077519,0.96214363568141,0.456297062079675,0.456297062079675,"GxE_DZA1"
"INTERPRO","IPR001054:Adenylyl cyclase class-3/4/guanylyl cyclase",4,2.24719101123595,0.0567191212292071,"Q92YL0, Q92W27, Q92WJ5, Q92NW0",154,31,5380,4.50775031420192,0.999999940749254,1,1,"GxE_DZA1"
"UP_KEYWORDS","Oxidoreductase",20,11.2359550561797,0.0761541556455065,"Q92UQ7, Q92VL1, Q92Y46, Q92ZP0, Q92U27, P56895, Q92YN6, Q92ZN7, Q92ZL4, Q92WF7, Q92WX0, Q92XA8, P56908, Q92UW7, Q92VY8, Q92VY7, Q92R77, Q92U26, Q92YX6, Q92V99",172,487,6208,1.48225968196361,0.994635025847055,0.628271784075428,0.628271784075428,"GxE_DZA1"
"INTERPRO","IPR000515:Binding-protein-dependent transport systems inner membrane component",10,5.61797752808988,0.0778109444997141,"Q92WC7, Q92VT8, Q92X19, Q92ZM1, Q92V98, Q92W85, Q92ZZ2, Q92VD0, Q92WS4, Q92WI9",154,184,5380,1.89864483342744,0.999999999905878,1,1,"GxE_DZA1"
"GOTERM_CC_DIRECT","GO:0005886~plasma membrane",20,11.2359550561797,0.0778190190812518,"Q92WK1, Q92X37, Q92VT8, P56895, Q92X19, Q92ZM1, Q92ZN7, Q92VD0, Q92WI9, Q92WC7, Q930Q1, P56908, Q92V98, P06230, Q92W85, Q92Y93, Q92ZZ2, Q92WS4, Q92V02, Q92W77",64,471,2146,1.4238322717622,0.651172999150503,0.725727612955899,0.725727612955899,"GxE_DZA1"
"GOTERM_MF_DIRECT","GO:0020037~heme binding",5,2.80898876404494,0.0830552044669581,"Q92YQ4, Q92ZP0, Q92ZN7, Q92U26, Q926H9",112,55,3674,2.98214285714285,0.999812942211686,1,1,"GxE_DZA1"
"UP_KEYWORDS","Plasmid",131,94.2446043165467,4.78855977655253e-43,"Q92ZQ4, Q92TM3, Q92WK4, Q92WC1, Q92ZI4, Q92WK9, Q92WC0, Q92WK7, P56914, Q92ZH8, Q92YF7, Q930S5, Q92Y62, Q930S8, Q92X40, Q92ZY2, P02962, Q92TM2, Q92TM0, Q92XL1, Q92TL5, Q92XT9, Q92XL0, Q92TL4, Q92TL2, Q92TL9, Q92WJ4, Q92VH7, Q92YN8, Q92YF6, Q92ZX0, Q92ZX7, Q92TL0, Q92V78, Q92ZX5, Q92W98, Q92YV3, Q92ZW9, Q92XK4, Q9EV66, Q7ANR8, Q92XK8, Q92XK7, Q92XC4, Q930Z3, Q92UE7, Q92UE6, Q930Y4, Q92W82, Q92Y40, Q930Q7, Q92UU3, Q930Q8, Q931B2, Q92XJ0, Q931B6, Q92VF8, Q931B8, Q92UT7, Q92UT6, Q92YS7, Q92YS6, Q92YS4, Q92Y23, Q92WG0, Q92ZU9, Q931A6, Q931A5, Q926F2, Q92WG2, Q92YC1, Q92WF9, Q92W60, Q930W8, Q930W6, Q92W64, Q92W63, Q92VU3, Q92W61, Q92VU1, Q92TQ6, Q92Y22, Q92YS2, Q92WN4, Q92W58, Q92ZT4, Q92Z38, Q92XH2, Q92WF8, Q930W0, Q930V3, Q930V6, Q92YZ6, Q92YZ4, Q92W51, Q92ZT3, Q92TP4, Q92YZ9, Q92W56, Q92W55, Q92YR0, Q92WM3, Q92WM1, Q92ZS4, Q92Y89, Q92WM0, Q92VK6, Q92ZS9, P25196, Q930U7, Q92Y88, Q92YY8, Q92Y87, Q92WU4, Q92WL1, Q92ZR3, Q92YP2, B3KLV9, Q92WL5, Q92ZR7, Q92YP6, Q92YP5, Q92ZJ5, Q92ZJ4, Q92ZJ3, Q92WL7, Q930T4, Q92WT2, Q92VZ7, Q92YX1, Q92YP0",132,2874,6208,2.14369161342021,2.63370787710389e-41,2.63370787710389e-41,2.63370787710389e-41,"GxE_DZA3"
"KEGG_PATHWAY","sme00362:Benzoate degradation",6,4.31654676258992,0.000146591692565698,"Q92TM3, Q92TQ6, Q92TM2, Q92YS2, Q92TL0, Q92TM0",38,26,1765,10.7186234817813,0.0087575733764168,0.0087955015539419,0.0087955015539419,"GxE_DZA3"
"GOTERM_BP_DIRECT","GO:0019619~3,4-dihydroxybenzoate catabolic process",3,2.15827338129496,0.00204216602951142,"Q92TL9, Q92TM2, Q92TL0",49,4,2544,38.938775510204,0.0690492407576287,0.0657309803065524,0.0657309803065524,"GxE_DZA3"
"GOTERM_BP_DIRECT","GO:0055085~transmembrane transport",8,5.75539568345323,0.00375605601751728,"Q92YS7, Q930S5, Q930U7, Q92WL5, P25196, Q92WC1, Q92WK7, Q930Z3",49,109,2544,3.81052237408724,0.123404364428429,0.0657309803065524,0.0657309803065524,"GxE_DZA3"
"KEGG_PATHWAY","sme00071:Fatty acid degradation",4,2.87769784172661,0.0233311797925484,"Q92TQ6, Q92YS2, Q92TL0, Q92UE6",38,30,1765,6.19298245614035,0.757428711609066,0.665282170437711,0.665282170437711,"GxE_DZA3"
"INTERPRO","IPR020846:Major facilitator superfamily domain",5,3.59712230215827,0.0301548362976323,"Q930S5, Q930U7, Q92WL5, Q92WC1, Q92Y88",111,58,5380,4.17831624728176,0.998232344120452,1,1,"GxE_DZA3"
"SMART","SM00895:SM00895",4,2.87769784172661,0.0351569601921639,"Q92WM3, Q931B2, Q92WC0, Q930W0",23,39,1155,5.1505016722408,0.511197559564393,0.703139203843278,0.703139203843278,"GxE_DZA3"
"UP_SEQ_FEATURE","domain:4Fe-4S ferredoxin-type 1",2,1.4388489208633,0.0369089878306804,"Q92YN8, P56914",12,3,884,49.1111111111111,0.793923790831532,0.701386770618917,0.701386770618917,"GxE_DZA3"
"UP_SEQ_FEATURE","domain:4Fe-4S ferredoxin-type 2",2,1.4388489208633,0.0369089878306804,"Q92YN8, P56914",12,3,884,49.1111111111111,0.793923790831532,0.701386770618917,0.701386770618917,"GxE_DZA3"
"GOTERM_MF_DIRECT","GO:0018578~protocatechuate 3,4-dioxygenase activity",2,1.4388489208633,0.0398827620113062,"Q92TM3, Q92TM2",75,2,3674,48.9866666666666,0.937186909317956,1,1,"GxE_DZA3"
"INTERPRO","IPR008920:Fatty acid responsive transcription factor FadR, C-terminal",4,2.87769784172661,0.044637807348667,"Q92WM3, Q931B2, Q92WC0, Q930W0",111,39,5380,4.97112497112497,0.999921515034501,1,1,"GxE_DZA3"
"INTERPRO","IPR011711:GntR, C-terminal",4,2.87769784172661,0.044637807348667,"Q92WM3, Q931B2, Q92WC0, Q930W0",111,39,5380,4.97112497112497,0.999921515034501,1,1,"GxE_DZA3"
"UP_SEQ_FEATURE","metal ion-binding site:Iron-sulfur 2 (4Fe-4S)",2,1.4388489208633,0.0489339607408547,"Q92YN8, P56914",12,4,884,36.8333333333333,0.878423870389314,0.701386770618917,0.701386770618917,"GxE_DZA3"
"UP_KEYWORDS","Acyltransferase",5,3.59712230215827,0.052374639108793,"Q92TL4, Q92VZ7, P02962, Q92YS2, Q92TL0",132,67,6208,3.50972410673903,0.948117950062169,0.783525843766204,0.783525843766204,"GxE_DZA3"
"KEGG_PATHWAY","sme00280:Valine, leucine and isoleucine degradation",4,2.87769784172661,0.0555767809985809,"Q92TQ6, Q92YS2, Q92TL0, Q92UE6",38,42,1765,4.4235588972431,0.967640682745679,0.665282170437711,0.665282170437711,"GxE_DZA3"
"GOTERM_MF_DIRECT","GO:0005506~iron ion binding",4,2.87769784172661,0.0576710486224597,"Q92YN8, Q92ZX7, Q92ZX5, Q92YC1",75,44,3674,4.45333333333333,0.982389473962917,1,1,"GxE_DZA3"
"INTERPRO","IPR015889:Intradiol ring-cleavage dioxygenase, core",2,1.4388489208633,0.0601036517807833,"Q92TM3, Q92TM2",111,3,5380,32.3123123123123,0.999997323592836,1,1,"GxE_DZA3"
"INTERPRO","IPR000627:Intradiol ring-cleavage dioxygenase, C-terminal",2,1.4388489208633,0.0601036517807833,"Q92TM3, Q92TM2",111,3,5380,32.3123123123123,0.999997323592836,1,1,"GxE_DZA3"
"INTERPRO","IPR011701:Major facilitator superfamily",4,2.87769784172661,0.0601649400150571,"Q930S5, Q930U7, Q92WL5, Q92WC1",111,44,5380,4.4062244062244,0.999997359477262,1,1,"GxE_DZA3"
"KEGG_PATHWAY","sme00624:Polycyclic aromatic hydrocarbon degradation",2,1.4388489208633,0.0616145521581063,"Q92TM3, Q92TM2",38,3,1765,30.9649122807017,0.977977031569795,0.665282170437711,0.665282170437711,"GxE_DZA3"
"UP_KEYWORDS","Quinone",3,2.15827338129496,0.0714817885691866,"Q9EV66, Q92YN8, P56914",132,21,6208,6.71861471861471,0.983077152566948,0.783525843766204,0.783525843766204,"GxE_DZA3"
"SMART","SM00345:HTH_GNTR",4,2.87769784172661,0.0724324552595932,"Q92WM3, Q931B2, Q92WC0, Q930W0",23,52,1155,3.8628762541806,0.777714625674279,0.724324552595932,0.724324552595932,"GxE_DZA3"
"UP_KEYWORDS","Cell membrane",13,9.35251798561151,0.0741789413597855,"Q92ZW9, Q92WM0, Q9EV66, Q92XJ0, Q931A5, Q92YN8, Q92XH2, Q92W60, Q92Y62, Q92W61, Q92YP0, Q92W56, Q92ZX5",132,358,6208,1.70780429998307,0.985579244154508,0.783525843766204,0.783525843766204,"GxE_DZA3"
"GOTERM_MF_DIRECT","GO:0008199~ferric iron binding",2,1.4388489208633,0.0781955360873462,"Q92TM3, Q92TM2",75,4,3674,24.4933333333333,0.99606052027945,1,1,"GxE_DZA3"
"KEGG_PATHWAY","sme00190:Oxidative phosphorylation",5,3.59712230215827,0.0801452984026235,"Q9EV66, Q92YN8, Q92ZX7, P56914, Q92ZX5",38,79,1765,2.93970686209193,0.99334490975993,0.665282170437711,0.665282170437711,"GxE_DZA3"
"UP_SEQ_FEATURE","domain:ABC transporter 1",2,1.4388489208633,0.0841945786877694,"Q92W60, Q92W56",12,7,884,21.047619047619,0.97512661888557,0.724073376714817,0.724073376714817,"GxE_DZA3"
"UP_SEQ_FEATURE","domain:ABC transporter 2",2,1.4388489208633,0.0841945786877694,"Q92W60, Q92W56",12,7,884,21.047619047619,0.97512661888557,0.724073376714817,0.724073376714817,"GxE_DZA3"
"UP_KEYWORDS","Signal",17,12.2302158273381,0.0851065283003521,"Q92YS7, Q92TL4, Q92ZS4, Q92ZT4, Q92Y89, Q92WK4, Q92XK7, Q926F2, Q92WL7, Q92YF6, Q930Z3, Q92YC1, Q92YF7, Q92ZT3, Q92UT7, Q92TP4, Q92W55",132,525,6208,1.522886002886,0.992494509556293,0.783525843766204,0.783525843766204,"GxE_DZA3"
"UP_KEYWORDS","Cell inner membrane",7,5.03597122302158,0.0854755465926768,"Q92ZW9, Q92W60, Q9EV66, Q92XJ0, Q92YN8, Q92W56, Q92ZX5",132,145,6208,2.27042842215256,0.99265921102526,0.783525843766204,0.783525843766204,"GxE_DZA3"
"GOTERM_BP_DIRECT","GO:0008152~metabolic process",6,4.31654676258992,0.0905926250342367,"Q92WM1, Q92TL2, Q930Q7, Q92YF6, Q92YS2, Q92UE7",49,128,2544,2.43367346938775,0.963979767235599,1,1,"GxE_DZA3"
"INTERPRO","IPR000524:Transcription regulator HTH, GntR",4,2.87769784172661,0.0975880376371343,"Q92WM3, Q931B2, Q92WC0, Q930W0",111,54,5380,3.59025692359025,0.999999999412777,1,1,"GxE_DZA3"
"INTERPRO","IPR001155:NADH:flavin oxidoreductase/NADH oxidase, N-terminal",2,1.4388489208633,0.0981696666606402,"Q92XL1, Q930Q8",111,5,5380,19.3873873873873,0.999999999486143,1,1,"GxE_DZA3"
"PIR_SUPERFAMILY","PIRSF000429:acetyl-CoA acetyltransferase",2,1.4388489208633,0.099295869526996,"Q92YS2, Q92TL0",13,6,697,17.8717948717948,0.683478148247149,1,1,"GxE_DZA3"
"UP_KEYWORDS","Plasmid",87,88.7755102040816,1.91549150821928e-23,"Q92Y25, Q92TM5, Q92XM0, Q92XI0, Q92VM5, Q92TM7, Q92WG5, Q92XI4, Q92TI8, Q92ZI1, Q92WC5, Q931A9, Q92XE5, Q931A8, Q930X0, Q02731, Q92X84, Q92VY6, Q930S7, Q92UW5, Q92ZY1, Q92Z43, Q92Z40, Q931D0, Q92YR4, Q92TP6, Q92VL7, Q92Y19, Q92VL6, Q92WJ3, Q92Y17, Q92Y16, Q931D8, Q92YB1, Q930Z8, Q930Z5, Q930R7, Q92ZX1, Q930R5, Q92Y10, Q92ZX6, Q92TP2, Q92W54, Q92W05, Q92VK1, Q92TK1, Q92Y08, Q92TG3, Q92TK7, Q92UM7, Q92XG4, Q7ANN0, Q92XK5, Q92TG5, Q930Z4, Q92XG8, Q92WA2, Q92XG7, Q92WA1, P33698, Q92XG5, Q92WD9, Q930Q2, Q930Y9, Q92XW4, Q92TW7, Q92WU6, Q92ZS1, Q92Y78, Q92TF3, Q92TJ5, Q92X17, Q92WD1, Q92WH5, Q92XJ5, Q92TF4, Q92WH9, Q92XJ9, Q92TF8, Q92XF4, Q92WC8, Q926B7, Q92WC6, Q930T5, Q92Y72, Q930T8, Q92TN2",92,2874,6208,2.04266134156303,8.04506433452099e-22,8.04506433452099e-22,8.04506433452099e-22,"GxE_A172"
"GOTERM_BP_DIRECT","GO:0006351~transcription, DNA-templated",16,16.3265306122449,6.5120857502307e-05,"Q92Y17, Q92XG4, Q92WD1, Q7ANN0, Q92TF4, Q92XG7, Q92XE5, Q92XF4, Q930Z5, Q92X84, Q930S7, Q930R5, Q92Y10, Q92W54, Q92TP2, Q92Z40",35,397,2544,2.92939906441165,0.00143167968248059,0.00143265886505075,0.00143265886505075,"GxE_A172"
"UP_KEYWORDS","Transcription regulation",17,17.3469387755102,0.000256999853696336,"Q92TK7, Q92Y17, Q92XG4, Q92WD1, Q7ANN0, Q92TF4, Q92XG7, Q92XE5, Q92XF4, Q930Z5, Q92X84, Q930S7, Q930R5, Q92Y10, Q92W54, Q92TP2, Q92Z40",92,410,6208,2.79787910922587,0.0107373201116494,0.00309762034849224,0.00309762034849224,"GxE_A172"
"UP_KEYWORDS","DNA-binding",18,18.3673469387755,0.000284738906432991,"Q92TK7, Q92Y17, Q92XG4, Q92WD1, Q92XJ5, Q7ANN0, Q92TF4, Q92XG7, Q92XE5, Q92XF4, Q930Z5, Q92X84, Q930S7, Q930R5, Q92Y10, Q92W54, Q92TP2, Q92Z40",92,457,6208,2.65778708020169,0.0118894917114583,0.00309762034849224,0.00309762034849224,"GxE_A172"
"UP_KEYWORDS","Transcription",17,17.3469387755102,0.000295011461761166,"Q92TK7, Q92Y17, Q92XG4, Q92WD1, Q7ANN0, Q92TF4, Q92XG7, Q92XE5, Q92XF4, Q930Z5, Q92X84, Q930S7, Q930R5, Q92Y10, Q92W54, Q92TP2, Q92Z40",92,415,6208,2.76416972236773,0.0123158409536942,0.00309762034849224,0.00309762034849224,"GxE_A172"
"KEGG_PATHWAY","sme00360:Phenylalanine metabolism",4,4.08163265306122,0.0126789196759248,"Q92Y25, Q92TG3, Q92TG5, Q92XG8",25,37,1765,7.63243243243243,0.399744165726069,0.507156787036993,0.507156787036993,"GxE_A172"
"INTERPRO","IPR008920:Fatty acid responsive transcription factor FadR, C-terminal",4,4.08163265306122,0.0238260754574638,"Q930S7, Q930R5, Q92W54, Q92TP2",87,39,5380,6.34246979074565,0.983013760344819,1,1,"GxE_A172"
"INTERPRO","IPR011711:GntR, C-terminal",4,4.08163265306122,0.0238260754574638,"Q930S7, Q930R5, Q92W54, Q92TP2",87,39,5380,6.34246979074565,0.983013760344819,1,1,"GxE_A172"
"INTERPRO","IPR011991:Winged helix-turn-helix DNA-binding domain",12,12.2448979591836,0.0258192370407301,"Q930Z5, Q92TK7, Q92Y17, Q92X84, Q92WD1, Q930S7, Q930R5, Q92Y10, Q92W54, Q92XF4, Q92TP2, Q92Z40",87,357,5380,2.07862455326958,0.987975034446426,1,1,"GxE_A172"
"GOTERM_MF_DIRECT","GO:0003700~transcription factor activity, sequence-specific DNA binding",11,11.2244897959183,0.0326013859376739,"Q930Z5, Q92TK7, Q92Y17, Q92WD1, Q930S7, Q930R5, Q7ANN0, Q92Y10, Q92W54, Q92XF4, Q92TP2",68,286,3674,2.07805429864253,0.809334093240186,0.834865124466886,0.834865124466886,"GxE_A172"
"GOTERM_MF_DIRECT","GO:0003677~DNA binding",17,17.3469387755102,0.0333946049786754,"Q92TK1, Q92TK7, Q92Y17, Q92XG4, Q92XJ5, Q92TF4, Q92XG7, Q92XE5, Q92XF4, Q930Z5, Q92X84, Q930S7, Q930R5, Q92Y10, Q92W54, Q92TP2, Q92Z40",68,547,3674,1.67915904936014,0.816995933900204,0.834865124466886,0.834865124466886,"GxE_A172"
"SMART","SM00895:SM00895",4,4.08163265306122,0.0395014790003483,"Q930S7, Q930R5, Q92W54, Q92TP2",24,39,1155,4.93589743589743,0.475256331221646,0.632023664005573,0.632023664005573,"GxE_A172"
"KEGG_PATHWAY","sme01120:Microbial metabolism in diverse environments",9,9.18367346938775,0.0503628649220333,"Q92Y25, Q92TG3, Q92XI0, Q92Y72, Q92TD4, Q92WH5, Q931D8, Q92TG5, Q92WC5",25,316,1765,2.01075949367088,0.873436765367455,1,1,"GxE_A172"
"INTERPRO","IPR000524:Transcription regulator HTH, GntR",4,4.08163265306122,0.05458500261856,"Q930S7, Q930R5, Q92W54, Q92TP2",87,54,5380,4.58067262664963,0.999924107237204,1,1,"GxE_A172"
"COG_ONTOLOGY","Transcription",10,10.204081632653,0.058395749431762,"Q92XG4, Q92WD1, Q930S7, Q930R5, Q7ANN0, Q92Y10, Q92XG7, Q92XE5, Q92W54, Q92TP2",40,219,1676,1.91324200913242,0.640446951361755,0.905594255920133,0.905594255920133,"GxE_A172"
"GOTERM_MF_DIRECT","GO:0016887~ATPase activity",7,7.14285714285714,0.0630966398038896,"Q92VL6, Q930Q2, Q930Y9, Q92PR1, Q92ZS1, Q931A9, Q92XG5",68,156,3674,2.42439668174962,0.961563854626195,1,1,"GxE_A172"
"GOTERM_CC_DIRECT","GO:0016021~integral component of membrane",18,18.3673469387755,0.0634185039569016,"Q92KA3, Q92YR4, Q92TP6, Q92VL7, Q92VM5, Q931D8, Q92XK5, Q92WA2, P33698, Q92WD9, Q930Z5, Q92WC6, Q02731, Q92T11, Q92UW5, Q92Z43, Q92TN2, Q92ZX6",23,1274,2146,1.31827179032148,0.407941547466791,0.352184506795031,0.352184506795031,"GxE_A172"
"INTERPRO","IPR016040:NAD(P)-binding domain",9,9.18367346938775,0.0655371857060917,"Q92WD9, Q92Y16, Q92WG5, Q92TD4, Q930R7, Q92XI4, Q92XJ9, Q931A8, Q92TF8",87,270,5380,2.06130268199233,0.999989407900863,1,1,"GxE_A172"
"INTERPRO","IPR016162:Aldehyde dehydrogenase, N-terminal",3,3.06122448979591,0.0730331895274866,"Q92Y72, Q92WH5, Q92TG5",87,28,5380,6.62561576354679,0.999997284516156,1,1,"GxE_A172"
"SMART","SM00345:HTH_GNTR",4,4.08163265306122,0.0807267571626121,"Q930S7, Q930R5, Q92W54, Q92TP2",24,52,1155,3.70192307692307,0.739915836055278,0.645814057300897,0.645814057300897,"GxE_A172"
"UP_SEQ_FEATURE","transmembrane region",3,3.06122448979591,0.0817227783125256,"Q02731, Q92UW5, P33698",5,113,884,4.69380530973451,0.696866899264155,1,1,"GxE_A172"
"INTERPRO","IPR016163:Aldehyde dehydrogenase, C-terminal",3,3.06122448979591,0.0823609937542755,"Q92Y72, Q92WH5, Q92TG5",87,30,5380,6.18390804597701,0.999999508475307,1,1,"GxE_A172"
"INTERPRO","IPR015590:Aldehyde dehydrogenase domain",3,3.06122448979591,0.0823609937542755,"Q92Y72, Q92WH5, Q92TG5",87,30,5380,6.18390804597701,0.999999508475307,1,1,"GxE_A172"
"INTERPRO","IPR027417:P-loop containing nucleoside triphosphate hydrolase",11,11.2244897959183,0.0854141307338183,"Q92K13, Q92VL6, Q930Q2, Q930Y9, Q92PR1, Q92XW4, Q92XJ5, Q92ZS1, Q931A9, Q92XG5, P33698",87,385,5380,1.76683087027914,0.999999720141621,1,1,"GxE_A172"
"GOTERM_CC_DIRECT","GO:0005886~plasma membrane",9,9.18367346938775,0.0880461266987577,"Q92WC8, Q92YR4, Q92WC6, Q92VL7, Q02731, Q92VM5, Q92UW5, Q92TN2, P33698",23,471,2146,1.78288562725006,0.521609025081067,0.352184506795031,0.352184506795031,"GxE_A172"
"INTERPRO","IPR003593:AAA+ ATPase domain",8,8.16326530612245,0.090945524833683,"Q92VL6, Q930Q2, Q930Y9, Q92PR1, Q92XW4, Q92ZS1, Q931A9, Q92XG5",87,242,5380,2.04426712263702,0.999999899609031,1,1,"GxE_A172"
"GOTERM_BP_DIRECT","GO:0006355~regulation of transcription, DNA-templated",6,6.12244897959183,0.091024791561558,"Q92XG4, Q92X84, Q92TF4, Q92XG7, Q92XE5, Q92Z40",35,182,2544,2.39623233908948,0.877497530458261,1,1,"GxE_A172"
"INTERPRO","IPR016161:Aldehyde/histidinol dehydrogenase",3,3.06122448979591,0.0920324637556577,"Q92Y72, Q92WH5, Q92TG5",87,32,5380,5.79741379310344,0.99999991798671,1,1,"GxE_A172"
"UP_KEYWORDS","Plasmid",67,91.7808219178082,5.61406504482897e-23,"Q92VM4, Q92VI0, Q92X46, Q92VM8, Q92VI2, Q7ANP4, Q92YG0, Q926F6, Q92WB6, Q92X01, Q92X00, Q92ZL3, Q92WR9, Q92XD3, Q92WZ3, Q92WA9, Q92WZ8, Q92VT3, Q92TX7, Q92WZ5, Q92UN1, Q92YV5, Q92Y97, P06236, Q92UM5, Q92X27, Q92UM4, Q92X26, Q92UM3, Q92X69, Q92ZW8, Q92X24, Q92UQ6, Q92UI9, Q926H5, Q92XB9, Q92X62, Q92X23, Q92X22, Q92WQ1, Q92WU5, Q92X21, Q92W87, Q92X59, Q926G2, Q92YL3, Q92VJ9, Q92XF2, Q92XF1, Q930Y3, Q92XF6, Q92ZJ7, Q92XB1, Q926B8, Q92XE7, Q930X9, Q92W70, Q92X52, Q92X51, Q92YX3, Q92X50, Q92ZZ3, Q92Y71, Q92UP4, Q92X56, Q92YX7, Q92X54",67,2874,6208,2.16005567153792,1.79650081434527e-21,1.79650081434527e-21,1.79650081434527e-21,"GxE_A174"
"INTERPRO","IPR006680:Amidohydrolase 1",3,4.10958904109589,0.0306497740990951,"Q92X24, Q92YG0, Q92WQ1",63,24,5380,10.6746031746031,0.960736008382263,1,1,"GxE_A174"
"COG_ONTOLOGY","Carbohydrate transport and metabolism",6,8.21917808219178,0.0510152813222374,"Q926B8, Q92X46, Q926G2, Q92YX3, Q92UN1, Q92YX7",28,129,1676,2.78405315614617,0.437851041556497,0.510152813222374,0.510152813222374,"GxE_A174"
"INTERPRO","IPR017871:ABC transporter, conserved site",6,8.21917808219178,0.0597710793091227,"Q92VM4, Q92X51, Q92ZZ3, Q92XF6, Q92YX7, Q92X21",63,184,5380,2.78467908902691,0.998354511000191,1,1,"GxE_A174"
"GOTERM_CC_DIRECT","GO:0043190~ATP-binding cassette (ABC) transporter complex",4,5.47945205479452,0.0707576684597988,"Q92XF6, Q92YX7, Q92X54, Q92W87",24,91,2146,3.93040293040293,0.444054925897557,0.56606134767839,0.56606134767839,"GxE_A174"
"INTERPRO","IPR008928:Six-hairpin glycosidase-like",2,2.73972602739726,0.0779751593008201,"Q92X46, Q92UN1",63,7,5380,24.3990929705215,0.999784606466426,1,1,"GxE_A174"
"INTERPRO","IPR012310:DNA ligase, ATP-dependent, central",2,2.73972602739726,0.0886145674750395,"Q92VT3, Q92XF1",63,8,5380,21.3492063492063,0.999935580612758,1,1,"GxE_A174"
"INTERPRO","IPR012309:DNA ligase, ATP-dependent, C-terminal",2,2.73972602739726,0.0886145674750395,"Q92VT3, Q92XF1",63,8,5380,21.3492063492063,0.999935580612758,1,1,"GxE_A174"
"INTERPRO","IPR003439:ABC transporter-like",6,8.21917808219178,0.0889218307497418,"Q92VM4, Q92X51, Q92ZZ3, Q92XF6, Q92YX7, Q92X21",63,207,5380,2.47527030135725,0.999937800541232,1,1,"GxE_A174"
"GOTERM_MF_DIRECT","GO:0003910~DNA ligase (ATP) activity",2,2.73972602739726,0.0919712265234456,"Q92VT3, Q92XF1",45,8,3674,20.4111111111111,0.985665489528527,1,1,"GxE_A174"
"UP_KEYWORDS","Plasmid",28,96.551724137931,8.7263491379151e-10,"Q92ZS6, Q92TM4, Q92WS7, Q92W69, Q92ZM2, Q92WK3, Q92WC4, Q92XE3, Q92W81, Q930S3, Q92U85, Q92W83, Q92ZW6, Q92ZS2, Q92YQ0, Q92Y59, Q92ZP2, Q92YN5, Q92XL3, Q92YN7, Q92ZJ2, Q92WB4, Q92VF7, Q92YX0, Q92VX0, Q92U75, Q92U74, Q92W32",28,2874,6208,2.16005567153792,1.30895243533046e-08,1.30895237068726e-08,1.30895237068726e-08,"GxG_DZA"
"GOTERM_MF_DIRECT","GO:0003700~transcription factor activity, sequence-specific DNA binding",5,17.2413793103448,0.0246964619849181,"Q92ZP2, Q92W69, Q92XL3, Q92U75, Q92W83",16,286,3674,4.01442307692307,0.346302845763266,0.419839853743608,0.419839853743608,"GxG_DZA"
"GOTERM_BP_DIRECT","GO:0006520~cellular amino acid metabolic process",2,6.89655172413793,0.0424810365816751,"Q930S3, Q92WC4",12,10,2544,42.4,0.262041929405108,0.272873655957716,0.272873655957716,"GxG_DZA"
"INTERPRO","IPR005119:LysR, substrate-binding",3,10.3448275862068,0.0568911613240381,"Q92W69, Q92XL3, Q92U75",24,91,5380,7.39010989010989,0.964516744704822,1,1,"GxG_DZA"
"INTERPRO","IPR000847:Transcription regulator HTH, LysR",3,10.3448275862068,0.0613998588024145,"Q92W69, Q92XL3, Q92U75",24,95,5380,7.07894736842105,0.972998053843153,1,1,"GxG_DZA"
"INTERPRO","IPR011991:Winged helix-turn-helix DNA-binding domain",5,17.2413793103448,0.0619728183517784,"Q92ZP2, Q92W69, Q92XL3, Q92U75, Q92W83",24,357,5380,3.13958916900093,0.973921708897664,1,1,"GxG_DZA"
"GOTERM_BP_DIRECT","GO:0006351~transcription, DNA-templated",5,17.2413793103448,0.0779639017022048,"Q92ZP2, Q92W69, Q92XL3, Q92U75, Q92W83",12,397,2544,2.67002518891687,0.433453618554954,0.272873655957716,0.272873655957716,"GxG_DZA"
"KEGG_PATHWAY","sme01220:Degradation of aromatic compounds",2,6.89655172413793,0.0947505269134393,"Q92WS7, Q92TM4",7,29,1765,17.3891625615763,0.833340892158923,1,1,"GxG_DZA"
"UP_KEYWORDS","Transcription regulation",5,17.2413793103448,0.0988354604103944,"Q92ZP2, Q92W69, Q92XL3, Q92U75, Q92W83",28,410,6208,2.70383275261324,0.790076329438337,0.4989840661883,0.4989840661883,"GxG_DZA"
"UP_KEYWORDS","Plasmid",17,94.4444444444444,4.35308034991404e-06,"Q931E0, P33702, Q931B5, Q92XM8, P58226, Q92XF0, Q92XE6, P33700, Q930Y1, Q92XF5, Q92XD7, Q930R2, Q930S2, Q930T3, Q92W84, Q92WY9, Q92W66",17,2874,6208,2.16005567153792,0.000126231637031071,0.000126239330147507,0.000126239330147507,"GxG_A17"
"UP_KEYWORDS","Selenium",2,11.1111111111111,0.00771328755790804,"Q931E0, P58226",17,3,6208,243.450980392156,0.201126345863323,0.111842669589666,0.111842669589666,"GxG_A17"
"GOTERM_MF_DIRECT","GO:0016757~transferase activity, transferring glycosyl groups",2,11.1111111111111,0.0417051338592605,"P33702, P33700",14,12,3674,43.7380952380952,0.535500867470278,0.75069240946669,0.75069240946669,"GxG_A17"
"INTERPRO","IPR001173:Glycosyl transferase, family 2",2,11.1111111111111,0.043392076841039,"P33702, P33700",15,17,5380,42.1960784313725,0.875692663767366,1,1,"GxG_A17"
"UP_KEYWORDS","Exopolysaccharide synthesis",2,11.1111111111111,0.0625964110782034,"P33702, P33700",17,25,6208,29.2141176470588,0.84658361482666,0.605098640422633,0.605098640422633,"GxG_A17"
"UP_KEYWORDS","Plasmid",55,91.6666666666666,6.63278058987107e-19,"Q92ZU8, Q92ZU7, Q92X47, Q92ZU6, Q92VM1, Q92ZU5, Q92ZI3, Q92XE1, Q92XI9, Q92ZH9, Q92YF8, Q92XD6, Q930W2, Q92ZY4, Q92ZU0, Q92VM0, Q92W68, Q92ZU4, Q92ZU2, Q92ZY5, Q92ZU1, Q92ZT5, Q931D5, Q92WF0, Q92ZT8, Q92VL9, Q931D7, Q930Z7, Q930R3, Q02729, Q930R9, Q92ZW7, Q92YM8, Q92YM7, Q931C6, Q926H4, Q92ZK3, Q92UY0, Q92W80, Q930Q5, Q92VN3, Q92TN4, Q92ZR8, Q92WD2, Q92VJ8, Q92ZJ6, Q930T2, Q930X6, Q92XE9, Q930X3, Q92VZ4, Q92ZZ5, Q92ZV1, Q92W74, Q92W78",55,2874,6208,2.16005567153792,2.91842345954327e-17,2.91842345954327e-17,2.91842345954327e-17,"universal"
"INTERPRO","IPR011990:Tetratricopeptide-like helical",5,8.33333333333333,0.000630922999890225,"Q92ZU8, Q92YF8, Q92ZY4, Q92YM8, Q92W68",50,44,5380,12.2272727272727,0.0694206419702887,0.0719252219874857,0.0719252219874857,"universal"
"INTERPRO","IPR013026:Tetratricopeptide repeat-containing domain",4,6.66666666666666,0.00159335236386353,"Q92ZU8, Q92YF8, Q92ZY4, Q92W68",50,26,5380,16.5538461538461,0.166221111411142,0.0908210847402212,0.0908210847402212,"universal"
"UP_KEYWORDS","Transmembrane helix",18,30,0.0189632141359749,"Q92ZU8, Q92ZU7, Q92ZU6, Q92ZU5, Q92ZW7, Q92ZI3, Q92XI9, Q930X6, Q92ZH9, Q930X3, Q930W2, Q92VZ4, Q930R3, Q92ZZ5, Q92ZY4, Q92ZU0, Q92ZU2, Q02729",55,1179,6208,1.72324774462179,0.569321823759898,0.417190710991448,0.417190710991448,"universal"
"UP_KEYWORDS","Transmembrane",18,30,0.0407352644278352,"Q92ZU8, Q92ZU7, Q92ZU6, Q92ZU5, Q92ZW7, Q92ZI3, Q92XI9, Q930X6, Q92ZH9, Q930X3, Q930W2, Q92VZ4, Q930R3, Q92ZZ5, Q92ZY4, Q92ZU0, Q92ZU2, Q02729",55,1284,6208,1.58232795242141,0.839567228026606,0.597450544941584,0.597450544941584,"universal"
"GOTERM_MF_DIRECT","GO:0004160~dihydroxy-acid dehydratase activity",2,3.33333333333333,0.0454468657623337,"Q92X47, Q930R9",35,5,3674,41.9885714285714,0.812585198701653,1,1,"universal"
"INTERPRO","IPR011014:Mechanosensitive ion channel MscS, transmembrane-2",2,3.33333333333333,0.0534418397095558,"Q92ZH9, Q92ZW7",50,6,5380,35.8666666666666,0.998091058391605,0.831294571133949,0.831294571133949,"universal"
"INTERPRO","IPR027417:P-loop containing nucleoside triphosphate hydrolase",8,13.3333333333333,0.0577850868226525,"Q92UY0, Q92VN3, Q92TN4, Q931D5, Q92VZ4, Q92ZI3, Q92ZU4, Q92W78",50,385,5380,2.23584415584415,0.998869951659083,0.831294571133949,0.831294571133949,"universal"
"INTERPRO","IPR000581:Dihydroxy-acid/6-phosphogluconate dehydratase",2,3.33333333333333,0.0620725337652029,"Q92X47, Q930R9",50,7,5380,30.7428571428571,0.999328114999578,0.831294571133949,0.831294571133949,"universal"
"UP_KEYWORDS","Membrane",18,30,0.0682745413342053,"Q92ZU8, Q92ZU7, Q92ZU6, Q92ZU5, Q92ZW7, Q92ZI3, Q92XI9, Q930X6, Q92ZH9, Q930X3, Q930W2, Q92VZ4, Q930R3, Q92ZZ5, Q92ZY4, Q92ZU0, Q92ZU2, Q02729",55,1367,6208,1.48625390702932,0.955468190159124,0.751019954676259,0.751019954676259,"universal"
"INTERPRO","IPR011066:Mechanosensitive ion channel MscS, C-terminal",2,3.33333333333333,0.0706261250265199,"Q92ZH9, Q92ZW7",50,8,5380,26.9,0.99976356462444,0.831294571133949,0.831294571133949,"universal"
"INTERPRO","IPR006685:Mechanosensitive ion channel MscS",2,3.33333333333333,0.0706261250265199,"Q92ZH9, Q92ZW7",50,8,5380,26.9,0.99976356462444,0.831294571133949,0.831294571133949,"universal"
"INTERPRO","IPR014757:Transcription regulator IclR, C-terminal",2,3.33333333333333,0.0706261250265199,"Q92ZR8, Q92VL9",50,8,5380,26.9,0.99976356462444,0.831294571133949,0.831294571133949,"universal"
"INTERPRO","IPR002549:Uncharacterised protein family UPF0118",2,3.33333333333333,0.0706261250265199,"Q92ZU7, Q930X3",50,8,5380,26.9,0.99976356462444,0.831294571133949,0.831294571133949,"universal"
"KEGG_PATHWAY","sme02030:Bacterial chemotaxis",3,5,0.078524916876469,"Q92XE1, Q92YM8, Q92YM7",17,52,1765,5.98981900452488,0.847551654661012,0.971148709310015,0.971148709310015,"universal"
"INTERPRO","IPR010920:Like-Sm (LSM) domain",2,3.33333333333333,0.0791032880707832,"Q92ZH9, Q92ZW7",50,9,5380,23.9111111111111,0.999916814976341,0.831294571133949,0.831294571133949,"universal"
"KEGG_PATHWAY","sme02020:Two-component system",4,6.66666666666666,0.0844477138530448,"Q930X6, Q92YM8, Q92YM7, Q92XI9",17,117,1765,3.54952237305178,0.86856456028725,0.971148709310015,0.971148709310015,"universal"
"INTERPRO","IPR005471:Transcription regulator IclR, N-terminal",2,3.33333333333333,0.0875046916983105,"Q92ZR8, Q92VL9",50,10,5380,21.52,0.999970738743021,0.831294571133949,0.831294571133949,"universal"
"INTERPRO","IPR015928:Aconitase/3-isopropylmalate dehydratase, swivel",2,3.33333333333333,0.0875046916983105,"Q92X47, Q930R9",50,10,5380,21.52,0.999970738743021,0.831294571133949,0.831294571133949,"universal"
"SMART","SM00346:HTH_ICLR",2,3.33333333333333,0.0995827649381333,"Q92ZR8, Q92VL9",16,8,1155,18.046875,0.715995257738515,1,1,"universal"
"UP_KEYWORDS","Plasmid",87,93.5483870967741,8.61029296469628e-30,"Q92ZU8, Q92TM5, Q92W27, Q92V49, Q92W69, Q92ZI0, Q92WK9, Q92ZI3, Q92XE1, P56914, P58338, Q92WG8, Q92XI9, Q92XE4, Q92XE3, Q92XD9, Q92XD8, Q92XD7, Q92WB5, Q92W60, Q92VY8, Q92ZU0, Q92XU1, Q92W63, Q92X83, Q92ZY1, Q92W68, Q92W67, Q92W66, Q92W22, Q926I0, Q92TL4, Q92ZT6, Q92W58, Q92VT8, Q92ZT4, Q92VL5, Q92VH0, Q92ZT8, Q92WZ3, Q930R3, Q92X74, Q92ZX3, Q92TP0, Q92WR4, Q92W56, Q92TL0, Q92TP3, Q930R9, Q92W49, Q92X26, Q92WM0, Q92WM4, Q92U09, Q7ANR8, Q92TG6, Q92WA3, Q92VG9, Q930Y7, Q92UU1, Q92W80, Q930U9, Q92W02, Q92WQ3, Q9X4Y0, Q92X59, Q92V16, Q92VN3, Q92X58, Q92TN4, Q92YP5, Q92WD2, Q92XJ6, Q92VJ8, Q92WH5, Q52928, Q92XJ9, Q7ANS1, Q92ZJ6, Q92UX0, Q92XE8, Q92VZ3, Q92XA8, Q92ZV1, Q92WT2, Q92WT1, Q92W79",87,2874,6208,2.16005567153792,4.73566113058295e-28,4.73566113058295e-28,4.73566113058295e-28,"plasticity"
"INTERPRO","IPR013026:Tetratricopeptide repeat-containing domain",4,4.3010752688172,0.00621315529636128,"Q92ZU8, Q92W27, Q92TP0, Q92W68",80,26,5380,10.3461538461538,0.694003642660285,1,1,"plasticity"
"INTERPRO","IPR011990:Tetratricopeptide-like helical",4,4.3010752688172,0.0262199007393755,"Q92ZU8, Q92W27, Q92TP0, Q92W68",80,44,5380,6.11363636363636,0.993579482812783,1,1,"plasticity"
"SMART","SM00028:TPR",3,3.2258064516129,0.027451073037243,"Q92W27, Q92TP0, Q92W68",23,14,1155,10.7608695652173,0.457934086643324,0.603923606819347,0.603923606819347,"plasticity"
"INTERPRO","IPR005053:MobA/MobL protein",2,2.1505376344086,0.0291550992397982,"Q92VN3, Q92ZI0",80,2,5380,67.25,0.996381969388725,1,1,"plasticity"
"INTERPRO","IPR014136:Ti-type conjugative transfer relaxase TraA",2,2.1505376344086,0.0291550992397982,"Q92VN3, Q92ZI0",80,2,5380,67.25,0.996381969388725,1,1,"plasticity"
"UP_KEYWORDS","Lyase",7,7.5268817204301,0.0291854237472053,"Q92W27, Q92WB5, Q92ZT8, Q92WT2, Q92X83, P58338, Q930R9",87,169,6208,2.95558729510984,0.803891750893831,0.724371280251634,0.724371280251634,"plasticity"
"INTERPRO","IPR019734:Tetratricopeptide repeat",3,3.2258064516129,0.0309770136046707,"Q92W27, Q92TP0, Q92W68",80,19,5380,10.6184210526315,0.997467933888057,1,1,"plasticity"
"UP_KEYWORDS","NAD",5,5.3763440860215,0.0395111607409982,"Q92WA3, P56914, P58338, Q92TP3, Q9X4Y0",87,93,6208,3.83636138919787,0.891087493403024,0.724371280251634,0.724371280251634,"plasticity"
"INTERPRO","IPR002925:Dienelactone hydrolase",2,2.1505376344086,0.0574706279946601,"Q92XD7, Q92V49",80,4,5380,33.625,0.999986937398797,1,1,"plasticity"
"GOTERM_MF_DIRECT","GO:0004016~adenylate cyclase activity",3,3.2258064516129,0.059777069904883,"Q92W27, Q92WT2, Q92X83",65,23,3674,7.37257525083612,0.989550823838145,1,1,"plasticity"
"UP_KEYWORDS","Sugar transport",3,3.2258064516129,0.0680841730594447,"Q92W60, Q92XE1, Q92W56",87,31,6208,6.90545050055617,0.979312033058583,0.936157379567365,0.936157379567365,"plasticity"
"UP_SEQ_FEATURE","domain:ABC transporter 2",2,2.1505376344086,0.0768005326103727,"Q92W60, Q92W56",11,7,884,22.9610389610389,0.909036668514769,1,1,"plasticity"
"UP_SEQ_FEATURE","domain:ABC transporter 1",2,2.1505376344086,0.0768005326103727,"Q92W60, Q92W56",11,7,884,22.9610389610389,0.909036668514769,1,1,"plasticity"
"COG_ONTOLOGY","Carbohydrate transport and metabolism",6,6.4516129032258,0.093765403249846,"Q92TM5, Q92W60, Q92U09, Q92XE1, Q92W66, Q9X4Y0",33,129,1676,2.36222692036645,0.693177181293287,1,1,"plasticity"
"PIR_SUPERFAMILY","PIRSF006060:amino acid transporter",2,2.1505376344086,0.0966084021079097,"Q92ZT6, Q92ZU0",11,7,697,18.1038961038961,0.637956737073181,0.966084021079097,0.966084021079097,"plasticity"
"INTERPRO","IPR002293:Amino acid/polyamine transporter I",2,2.1505376344086,0.0984217707938326,"Q92ZT6, Q92ZU0",80,7,5380,19.2142857142857,0.999999997177401,1,1,"plasticity"
