"strain_ID","chloro1_DZA_1","chloro1_A17_2","chloro1_DZA_3","chloro1_A17_4","height1_DZA_1","height1_A17_2","height1_DZA_3","height1_A17_4","leaf1_DZA_1","leaf1_A17_2","leaf1_DZA_3","leaf1_A17_4","shoot_DZA_1","shoot_A17_2","shoot_DZA_3","shoot_A17_4","nod_DZA_1","nod_A17_2","nod_DZA_3","nod_A17_4","nod.weight_DZA_1","nod.weight_A17_2","nod.weight_DZA_3","nod.weight_A17_4"
"10",47.755091173305,49.3389722078826,47.1468718031351,44.9963761479666,4.01489368613433,3.12912919036305,7.54714998214668,7.01899640890529,5.15852341776041,3.2570787221094,9.11769003722079,8.46290472907444,0.541336562975425,0.147404449934134,1.32569561283514,0.608868562968833,41.7306458928632,14.565095552872,21.8219391727823,33.6931890654316,2.05572224905192,0.629381840543345,3.91745182733605,1.97493133212841
"101",49.8376020502837,NA,47.6819785131897,40.4758211005954,4.18978865578967,0.933584180025028,7.37672747034421,7.84335866745909,5.58336575048421,2.31088433012585,6.72380779441863,12.5341874754094,0.474997852997813,0.0773694983698651,1.05097258397324,0.844739665303639,79.7339228041596,6.27238689510617,49.8240899264686,79.1538567108942,2.12416312580037,0.346558688917803,2.08279567299309,1.03533754800186
"114",51.450051102549,45.8227853270608,48.3558205148546,42.7206560134631,4.72537276550102,3.19254022358029,6.27788460369236,7.20512890874568,5.87461128491312,4.32094931333313,8.49672183504183,10.4686735826582,0.511476516216619,0.32760367514105,1.1094927399051,0.701022433142525,61.397124730639,35.0252437758101,49.1281206055331,52.8075350389039,2.15019620118981,1.04409628313316,2.28083958075237,1.75295896114777
"117B",45.7718379981785,35.4219126312446,45.9424919950341,30.1880048920004,4.05236069230771,3.43947926524848,6.06155410526853,5.40011730938192,4.54221355904389,4.96629800347056,6.47622287502013,6.87158136383719,0.345564426610875,0.101260103052513,0.760527393956146,0.161777216114497,71.2353603678463,75.2254238169133,79.9601488265046,197.228293065367,1.66716027449885,0.571379781611766,0.765469451200644,0.287351580371978
"121",48.2779898285876,39.4092958504145,41.8929453227623,42.5760729290467,4.93920888631111,3.19149756929542,3.81184045207991,6.87817997255898,5.44782084339436,4.27688148720328,4.13732913327221,12.3286318757872,0.528102135228256,0.176411252027415,0.397891036537824,0.79175555614688,60.6773437406006,32.4639402639335,25.2799702915811,57.4216328671869,1.96114888913359,0.871980259055929,1.47674824267016,1.10677107983292
"123",26.3833175323787,28.6680234266149,46.6964650801334,37.7857382828393,4.70468321599368,2.0504591940783,6.81205473219258,7.69973898612375,4.65540528665749,3.31737849561677,7.58888492983021,10.0939641009294,0.478472399183291,0.0777014534182533,0.889947143147308,0.716434979567636,40.818125941368,11.4053292677602,43.3582965037207,52.2574902904704,2.57486928806492,1.24694819031748,2.96797569956122,1.41218367516714
"14",43.2546404229378,NA,45.4474132702455,45.705716150153,4.59630824452896,2.4742225525245,7.76837518463289,6.98766940705425,4.7056790234457,2.47474487139157,7.52609448351528,7.95500929201302,0.493739013393458,0.141887400555722,0.802659232618405,0.540383516639017,49.876402790526,18.8922622202151,50.4366673791783,52.4024401285339,1.85790895983415,1.25153934735532,1.28502122275737,1.4947731050351
"141",48.4559315475558,38.3905190384894,50.5120085824721,29.8548157230338,4.76926712044076,2.97343520585641,6.99556467267854,5.67516893300496,5.76164242082734,3.31737849561677,9.2086758878497,5.54657152126512,0.679327500594715,0.191786920988548,1.49729892504565,0.33065165106775,38.0278137199121,40.5450626773728,42.8819073621038,58.5966553089998,2.31354193455633,1.45915606934851,1.81525601511665,1.281751155682
"142",52.156085286632,42.7519748106017,48.599528338418,40.9500214707321,4.86123614390525,3.45722231333723,8.01232233021453,7.22057505453175,5.64619057876868,3.9576046480766,7.05862766149312,9.17725137811355,0.606352573454215,0.199951703653272,0.955264177696749,0.625009726849925,57.9821252250624,41.6325801371528,29.434389485083,32.7239827736998,6.12461433685873,1.69889208632645,3.17665266150042,1.36637738195174
"144A",43.8246475068682,38.0977635209033,51.0815072996275,39.4867905879454,4.21712589532873,3.53821175766271,7.00826292505631,7.49418667569072,4.59515189839573,4.65428264666646,7.50368964578894,11.8779329506037,0.325589860924591,0.306453896801971,1.01085795587766,0.957999964902229,43.0678595100576,60.9333740001433,45.5921284411097,37.4342228582464,1.82087002387993,0.789514080742492,1.92290625962228,0.674159864410442
"144B",48.6923919786095,51.5981617592378,50.8875314541377,40.162010530661,4.62439809035165,5.17961974989557,7.03485396977866,7.29461170892932,5.7260627273725,4.94948974278317,6.76588063501204,10.2855693010675,0.720805895466042,0.395291515548907,0.844983726815095,0.882976138529738,45.3224450809958,40.3878558102398,39.6898390194804,39.9766920757715,2.59625455306565,0.605252336038789,1.14468442610103,1.74668409783517
"145",43.4416290681655,29.8609598095348,43.5413167300105,34.2912546145063,4.24387951881127,3.00658430449783,6.18854347485267,5.66942581584936,5.02976074941614,3.93649167310369,5.88076462174441,8.1688453689925,0.423013087473477,0.0562590081593135,0.747939083988124,0.168437341828021,55.6543663174196,78.1345062457056,45.6507629411936,100.908728918948,1.28420189566377,0.275702720767768,2.29274755827453,0.359648915726587
"146",46.346045525038,43.2046105381412,48.1164107999952,45.317609878361,4.30881191508794,3.34075085386297,7.18678037634362,7.83787645395124,5.26256457607268,4.70811104451544,6.30531049637362,13.625256603628,0.460375182218964,0.329100017533721,0.942836343283827,0.992897595870456,53.7114559318454,35.9482272278421,42.6962832227403,55.0506064975906,1.79397535375748,0.564360263872448,2.09568181172,1.85703495665472
"148A",45.3636096444457,39.5687707000433,49.5635948116629,40.6620229060305,3.97803551621733,3.53037474900316,4.95845261824,7.77716063806643,5.01823241620609,4.48606797749977,5.87901431698991,8.55897614839392,0.429008333477112,0.249410940842068,0.778129772479553,0.626080429737881,60.9035244995493,54.5707070823857,43.3717730490009,38.9266648685028,2.27135399421477,1.13541710550684,2.69395603429821,1.20348935385405
"148B",49.8205805966961,35.9351072722375,47.0602557937767,45.5500030393888,3.92055848447751,2.71794028506598,6.61006929122392,7.45088532088534,5.7480577245381,3.31737849561677,6.02270039819244,10.0878181635381,0.492887197551411,0.155312275146798,0.900016073603012,0.676757945360534,53.419843166384,46.1255098698147,50.2118912090924,44.997019945231,2.07429504087873,1.34241594015115,1.85302661506856,1.4773326071583
"15",48.0746960580366,41.1041316718237,49.4080774102646,39.3286883141079,4.29364264242272,1.56404139684841,4.01241386873601,7.09583697076738,6.11842981768545,2.21424480336394,4.4988443597497,7.00983727760279,0.56907522663589,0.079496070593841,0.515992038423354,0.518098810826936,38.4744404878982,19.4152311594347,19.6015066751331,46.0701982878822,2.58696617467673,1.02346382510904,0.929656125421927,0.92725222323392
"154",40.470451174939,42.3879307922952,46.5712029610526,40.8587153579658,3.65231159828253,3.68977961723499,7.98915568104252,6.54931934253583,3.95376027623943,4.48606797749977,9.01738080827499,8.31977182334751,0.261726534929024,0.281560400876266,1.09527137064043,0.595807794650684,55.3145455379317,50.1941347565942,68.2952079698339,58.1717242233237,1.53385815356182,0.880316706014424,1.34801736595227,1.22252784615121
"157",41.915442891381,39.3716710932985,33.7482913763841,44.5533166128973,4.33226759891262,3.71332512760332,4.46277833219309,6.54940473028294,4.29491806813954,4.65428264666647,3.61859576917765,6.70593055118182,0.274464316752352,0.236832998335725,0.310207901696608,0.524605316938564,44.7827062748179,53.7832552993123,59.1643409673994,32.7345105907479,2.12915767574257,1.00467356673695,1.23453141409684,0.944222823781403
"158A",52.5124665736703,38.8478987965954,45.4292354183815,41.3613058166364,4.97055144132647,4.29253527466732,5.45293416707741,7.20770372579504,6.10327260844272,7.04438146449601,5.36440628267098,8.69140779510866,0.664852452833895,0.412044308010744,0.879011941237386,0.567989320479913,56.1266673778242,41.4057736494018,30.4749465851635,40.6896411169982,2.69028384414661,1.42515707797535,3.11934861216158,2.15115356648091
"158B",43.9045519853251,43.5660367122805,52.5459333047619,42.481859253836,2.62199517713932,4.20062047397287,6.65487363007655,7.51052256592186,3.26474026449626,4.90733449872407,7.01799364872651,8.08619736980847,0.417982541998979,0.380598978238662,1.01960471979548,0.595980645209486,51.9698744085209,50.620807548133,34.1084633914252,39.6822061396075,2.54197959105773,1.36724379551441,2.19422379329379,1.33231181071361
"16",52.2166455139412,44.1229438318202,52.1543623684446,35.1696511671873,4.56620487144941,1.27997139970154,7.37108613230079,6.91793148167062,6.03520737052005,2.99999999999999,7.72004228723534,8.07756362661563,0.684152375869608,0.0813357187891314,1.19461796352517,0.609173966457722,47.5748792623305,24.3427204759148,35.1973284116895,48.0296416585875,2.77531952370136,0.907138825894209,2.23612609778536,1.21652356654355
"169",50.4177228874479,39.4343134431219,50.972291116834,40.4275714897175,4.44425546118582,3.9149790964867,8.31561350155693,6.96291657925953,4.61387109568519,4.32094931333313,12.9421073323123,9.93986708889055,0.328290090228808,0.297773220012602,1.89614849006873,0.670401682149003,49.0800740076611,58.1966359033844,49.0597063633773,27.2436343329136,1.57967312879508,1.36228901478893,2.27836240613201,1.3925255635783
"17",44.7416484774327,47.3306325355906,45.3194945733207,45.6745290430659,3.84717151504246,1.84650517318672,6.65930324134271,6.84762053968862,4.99752122514091,3.31737849561677,7.43600916063022,8.39010615245092,0.39839680589726,0.0952326260030204,1.07246709136629,0.685399491684197,61.2390785919845,28.9037233138371,46.2733778836615,36.1132818320785,1.79666804264464,1.12196977354945,2.61070676879281,0.948314028383052
"174",47.5679552294785,45.7920041721546,49.5914414187924,38.1991819965081,4.30116396251301,4.00252047196309,8.47144946585391,6.75777718657081,5.31414505784284,5.54523233885081,10.9272867693183,10.092606872597,0.410735112582374,0.310781376019026,1.39169011491053,0.622333665654741,87.3754575456438,79.9496027332711,123.069890071096,69.4668001056056,1.43685260233603,0.809525258206262,1.58408246431029,1.5650219787235
"176A",48.1514884703187,39.0678996509022,53.4950463496888,38.5908320794022,3.45437727958502,3.84621459739183,7.26201604506225,6.98302281562987,4.858310675507,4.65428264666647,9.36054334439108,7.16201519063985,0.409894698843648,0.329780490824457,1.49766321932363,0.528503187465808,45.0372866440627,49.0404888847616,78.6491007504097,42.8435023929351,3.13040665332542,0.911195465989763,3.00218204595804,1.33624468416771
"176B",50.0412498710636,35.7873665655336,45.7405958231019,40.4633730523455,4.07607126621699,3.51624541448976,7.59306609339772,7.21634267425306,3.97790511735016,4.27688148720328,8.23505744743294,7.87642533910453,0.377225535467054,0.222343173293015,1.24686091840184,0.583152741651764,31.5750434584205,61.0407693833254,36.8596596677431,49.1523921958931,2.3921853904396,1.29106420226841,1.67973884358386,1.54495340697868
"177",44.2369796984246,37.02965656232,39.4667077383919,42.5068947764588,4.13618352019506,4.04525411210555,5.96590178370557,6.93034286682811,5.38065328099372,4.99999999999997,5.03357718849884,8.00586366970921,0.353348489897363,0.451807479139364,0.603668331305066,0.550545410856291,61.9477478335307,106.623749539174,51.3384501821654,41.6183054687335,2.30859899428989,1.22549857257285,0.596663635857171,1.34227503739161
"18",44.0972909827722,31.2852319621947,44.2086130446079,40.6986828480536,4.55781856008164,3.46620198726764,6.8532464208521,6.35035556590343,5.21078822122637,3.6507118289501,7.33138399013352,6.04207246234786,0.557210207908876,0.12676118160771,1.02912866108938,0.473113980505183,48.0546042386695,35.467254693423,47.7764898215227,71.4314205048606,1.24791553987891,0.308702564538262,1.89731445354914,1.37799103421873
"182",46.2115880628112,39.8912033673217,45.065906242067,41.6390177360989,4.0596003351069,3.62176277476084,7.369737380201,6.82881778189869,4.65178530406702,4.51959554049394,8.43162049679022,7.97839398010019,0.42794024689536,0.327696761543612,1.27462694385652,0.441578892029282,38.1027872010385,45.0938396386709,49.9443431574847,36.5575263330686,2.51873542160022,1.29026706930244,1.87891077943878,2.00103314675495
"183",48.191773405749,40.0373567169578,49.2173032030499,34.8725869897928,4.1922336462883,3.04688100821896,6.18462084360039,7.62881012752714,4.39770448959767,4.33006252760856,7.36016818118749,8.66189145904822,0.536180365628485,0.309680715414715,1.04879195083744,0.564543341133532,60.0779154598223,43.0660496766474,30.306384958715,54.2811618452173,1.88780304330212,1.24943172156749,2.82482658013544,1.4356713105319
"184",48.2896572895736,50.3148261785505,47.7324236026186,42.9846177128745,4.40395818608171,3.17475668387754,7.30758345585977,7.0038991239312,4.90904269512444,3.9576046480766,10.5376626464927,9.39335847286397,0.491259749072329,0.328623253476104,2.00251335365263,0.593584464611411,35.1800842867905,36.3464705596451,40.1186161390551,48.249381391145,4.21827762549338,1.28497026359609,2.45740684902447,1.46959366755218
"189",36.275373265034,41.95165674204,36.4119283583161,41.0501049801198,3.42591032177977,3.57470071295094,5.71322027197321,7.89713495328194,4.98769964803807,4.24571595284963,7.29499145390832,10.3066275354449,0.291881387819738,0.210272779437559,0.820192106356533,0.689607279724536,62.6261577172773,73.5535758132884,97.0144997948046,65.3001777428074,0.766102842202089,1.04143929772635,1.12279513445052,1.79507007273358
"191",40.0802638218826,45.3182464227741,47.1962375422771,40.3565754903452,3.78652890583523,3.88809176388499,8.65021295276167,6.24071623128384,3.92196736087091,4.32094931333313,14.589890490084,8.66497464786925,0.358340861922481,0.29861307866915,1.78041714579556,0.620131390059677,51.2511569205924,36.7478990682906,49.0825265914294,40.9902697635278,2.73909788196984,0.906496115694163,2.2541484821904,1.29251276842036
"192C",33.4980780395964,34.6439944436854,48.181122047633,43.6375038538902,3.40267489012821,3.14911036753668,6.73600111384924,7.10916841562709,4.57215667547276,3.99999999999999,9.14785724209976,10.1205496350245,0.299844087801901,0.0513141513385795,1.21050696630272,0.652647802055066,57.0489584757846,18.130767066959,71.6544806592174,70.4949430979236,1.05785079237115,0.933424885330793,1.69498869529755,1.71455969168031
"192D",41.0273504448074,33.4407605739407,44.9004927413149,37.8995428957009,3.7971441832075,2.86215553383016,6.86585711213472,7.01947776949398,4.68741677969594,3.25707872210941,7.12681868496739,8.87834938161004,0.252019189741166,0.207966193709239,0.911282108060854,0.57586150370851,66.8915544530136,45.0732119060491,93.3175219246047,51.8682317957641,1.00706390676952,1.46593821991574,1.23701728802211,1.43210332098515
"194",42.9640822580765,37.9940746153043,41.9934348216555,42.2821188653026,4.65465083966933,2.65579274097292,5.403422673158,6.82512639887704,4.61852445238665,2.94267077392602,6.54405968598354,10.7221393472598,0.313469446476021,0.135376755799929,0.956997353742426,0.634390436916435,48.6642034398475,47.0077411284572,67.8944580923743,57.662125777764,1.3401225438328,0.513297607763992,2.55761279347879,1.12548595051896
"199",21.0116970506578,43.3141800292151,44.4887476318864,44.9731592310179,3.36752299498703,3.44055157345877,7.77059407314349,7.61958219325532,3.79629949550093,4.65428264666647,9.02522898277616,10.5569311761108,0.335298436549088,0.352558783877557,1.46914602992849,0.856157766889996,35.2742737803134,58.8172603468102,63.934905701581,60.9028737816387,2.51502523712956,0.830535916519794,2.00586021000294,1.14349282535128
"200",48.0485232844858,46.3827279451101,48.5136384110228,43.236053377325,4.60558437059231,3.09373997638663,7.62339532997857,6.82881990535154,5.06803020037129,4.32094931333313,8.80051786851043,8.26872407125533,0.345702335833314,0.217248326131173,1.73805255427879,0.60187192134166,45.5799976919526,59.5604080385443,43.3162715954993,46.6292906015949,2.43129736728806,1.05991757466521,2.7306009712214,1.28307190865427
"201",48.2087268937569,41.3998330611373,46.2504831278875,42.6510922595628,4.0608064073101,1.88002272507412,7.74326946796485,6.60767683194247,3.68619526149676,3.6507118289501,9.53437490389192,8.29512110430765,0.331300038709188,0.0981875520292901,1.11907136827012,0.555222296934729,45.1621999062942,29.4550058474785,58.0412864967385,63.0221551150692,2.21993824681613,0.65400320337106,1.36034074293089,1.01484396626629
"204",45.6634861886027,51.2380083851858,45.8206958199105,47.660563034419,3.51537430971324,3.59045717488904,6.27820393727233,6.80054408134534,4.54063360739767,4.65428264666647,11.7127106004005,7.45774407302653,0.443083671861904,0.264888017194804,1.58588128781048,0.479742961072912,29.7147420712677,33.4180089151449,31.9266438321663,36.8379922689108,3.37212646123248,0.802932356369054,3.31747947658934,1.69069704869102
"205",49.1968563997813,47.2415531395104,43.1574385235468,43.2927256673784,4.95595312368221,4.09292551129017,6.18837236372171,6.5635941888436,5.48612198970913,5.26215963560629,5.76972013029736,9.16868633868959,0.529265164287487,0.398670446926686,0.755056363425928,0.547596188195831,43.3291270351171,65.2113521242772,28.2118683933169,44.9087955319747,2.11843366512021,1.0038505508655,3.17562657639514,1.34532472606499
"206",42.8513212543481,29.080180505961,50.4716010518919,40.0315060614133,5.08233647515382,2.27769708295675,7.35839724056395,7.91903794464547,5.47162333356236,4.99999999999999,10.2304273834108,11.0644461427827,0.667378721009212,0.157171162820646,1.80356254576153,0.73284828821825,41.0936271661533,53.7273704743119,45.9581170487023,65.4839114086407,1.95843488739099,0.938897344578433,3.37625322436012,1.35694969317674
"209",41.4240861074381,37.0287627054349,43.7555158637183,44.2325706505087,3.90431150562004,3.7140123676415,6.53826633180613,6.70073050635077,4.86394641414475,4.94948974278315,7.23404895456308,7.57872579404108,0.253330835512937,0.169403102553454,0.887029551919309,0.563429221039591,58.2713114617521,37.8775790745191,85.8503776452575,36.5273555464455,1.48486001862511,1.17148684416722,2.07040578140416,1.39445296781725
"21",46.7522172312475,NA,44.1409247829924,40.1667624326553,4.93493683255432,1.25826876642641,4.77797822469719,6.81154300056388,5.32461567995075,2.99999999999998,3.76703695761478,7.27832432011692,0.701719676879022,0.0422129408520198,0.545516377644096,0.522839703301974,38.9938192485193,7.9176745962024,9.24606953769558,54.9290301116083,2.55953912569364,1.9379411111941,1.48969253536601,1.07989545370654
"215",46.0021020725485,41.1288140638385,37.7954474572457,44.3885122676032,3.91898540061089,3.54674578483848,4.36026306877489,7.575753239969,4.49317858583746,6.58806797281996,5.42919165390657,10.1373197778766,0.246528482540003,0.354513149282761,0.718745915824683,0.762492389189268,43.2697790888702,46.8501629354875,41.2069191370844,40.8427526594277,1.89141460293321,1.02833340279931,1.408442199952,1.51253670712004
"216",44.9163828282849,49.8499822903035,43.5556730284992,41.005607623166,4.21511730340917,3.24891968013929,6.09631684097679,7.43389238928469,5.69411501740924,4.57618880186185,7.95080340585286,12.9030775346579,0.527955325772969,0.191378237724931,1.04563777509636,0.98064512748753,61.8821591796628,47.7794276177235,41.7893999248146,54.3204893827896,1.97208326983894,1.28128247498707,2.16399623567559,1.74243645650905
"219",39.1771089000667,42.7607208716758,44.2850113563184,40.6935098742146,2.98567174422896,3.15259261653464,6.02908739429692,7.21842754324984,4.54781027587001,4.48606797749978,6.97585801924511,10.020136782551,0.258730521679952,0.2486692321051,0.86805703893413,0.764499850410468,53.5446571603361,69.6724117603743,53.196933426506,65.6517277845324,1.79283413535987,0.616447515452794,1.60430513845439,1.22531570931947
"220",42.3408895300905,36.2988230920107,40.8673210220465,39.4499398650066,3.60721339317951,3.11949106345919,6.43245114771246,7.10184788324426,3.99127681313783,5.88708037232211,9.59159536139649,10.9238653542432,0.350224565009554,0.305307277858763,1.16414406055067,0.840646814366386,58.2392571429423,37.9757353959584,66.8770606041266,47.9638341889831,1.92803062450782,0.999644301290898,2.43962425895377,1.58209598307751
"221",49.3585293548872,41.9413400971281,49.5698559171949,43.646530763012,2.4316631619231,2.74371325540416,8.79467640525928,7.27747028341259,3.02003402548721,3.70578823471123,13.3523169739303,7.67634805229978,0.282176055554146,0.240696297549802,1.63034921759885,0.554700604669986,36.8311888171053,25.2701418380166,35.1472711220607,34.7607489904304,2.48000687535086,0.753100700062211,3.86585523542282,1.06904726757242
"225",32.740099922239,33.8277432105744,29.0735845636558,31.353787614077,1.62951198702975,2.36772940033968,3.78304150389801,4.45096022871338,2.91588888777956,4.23955098312483,3.87552774585204,4.23978010313912,0.087004596639126,0.0873309382741633,0.0582526008249467,0.0511145515237474,47.9553420248563,53.2542647356776,86.4417826747744,90.0115106329353,0.79383848931169,0.484782329760376,0.0123926730036745,0.257926023616466
"230",43.9394890396621,42.4370515015554,43.9914462263572,34.0068103609422,4.54790590670207,3.40327005620228,5.60677928854309,6.57470151600708,4.70728976612208,4.20679252719396,5.36986350202826,5.4622715296257,0.385899093335086,0.221321231000301,0.628947130822155,0.381186410697896,76.8003847651882,43.4592344673398,53.4451480366378,43.7556541901716,1.34175796057951,0.973718023838337,1.14662608862969,1.31411050574714
"231",42.7878566810894,24.8442350098447,41.8637338873089,39.2052992773855,3.50773733061859,3.68847245705162,5.51564668996488,6.62153536553654,4.81721157955818,5.34307345556961,5.49185116646668,5.49847293002385,0.310112073238272,0.268725064604487,0.877673474533356,0.359191378521585,45.2730224846261,27.5551509843249,89.5670231704674,45.5075823727485,1.7377172668116,1.63646888633565,1.35209940441276,1.16833352625863
"238",39.9219057282439,44.0066003337546,42.8167580074338,42.8572159104151,3.75079126723964,2.72561448696162,5.70501064675059,7.00370256128491,5.2822043730456,3.82033516121117,5.46849075362171,6.80694175878668,0.325098505764131,0.248125219558173,1.04327525896813,0.53502445600056,69.5165498462585,29.7119782592473,42.305216952939,35.5561338499537,1.1925149774001,0.623278779567847,3.13173310301009,1.64150387748919
"24",48.9267991994419,37.4996185524712,47.5587129815893,39.876718230671,3.81455058904909,2.91332774030924,6.22686198243431,6.50735650854155,5.17167590311347,2.94267077392602,4.79646686434444,8.24098747708509,0.4996692699348,0.123403417202322,0.924937096950408,0.591732210696715,42.7697153363413,22.2094332367198,25.4141431303154,58.1986366421747,2.07088776656632,1.38870894595737,2.62562577545582,1.16969007615835
"242",43.1895093034526,38.7786898050347,37.8940187788384,36.8755395255707,3.70157349376556,3.02457164895936,5.55634092137585,6.5993249558289,4.30863089909428,3.6507118289501,5.6303147365264,5.37624999595201,0.363540536826172,0.189112561791593,0.329582990486619,0.348761286555375,42.9398834457781,38.6316755374882,92.3051281225135,32.0669848164372,3.85987846921827,0.65337985009391,0.245083483239181,1.28473014333951
"243A",45.3997132998064,37.9875862127127,49.252731011791,44.5414151365933,4.39741986677918,3.07427996953453,8.35744137474439,6.53805468457111,5.02886807629923,4.42850833301024,12.2166215910599,9.54832464071171,0.526592571412964,0.248049129311074,1.58424298492521,0.727569771335539,43.3429324700221,63.6669483407134,39.0759535625046,45.869483304621,2.99582283591188,1.17559548063748,3.0116935815613,1.81580630461873
"243B",51.2090068631961,40.3905557606724,52.7592582195101,41.5325235647777,4.37338781115511,3.88618965122016,9.94308038824001,6.54311116086238,4.80933482373254,5.5980762113533,10.0899490717067,9.0716315983639,0.452596978144903,0.374661097534422,1.13327897201841,0.786815718559539,38.9645432297546,50.8320279624646,34.8910405632741,38.6357526641859,2.74677856270185,0.930158248138848,2.98133582588099,1.94205821301419
"245",44.8145986374708,44.7989940094857,49.1328082622656,34.4635751506791,3.53597894564985,3.40768798449648,8.37950909035519,7.4261400389026,4.56699963894885,4.68038231620467,9.16696886513227,10.0099069570973,0.46216910539997,0.175145778704306,1.27637589458371,0.745227511982057,37.1914215902505,36.5159156049475,44.3260261887933,42.786960763618,3.70445859091459,0.979561018283087,2.19451413266084,1.70390496177032
"246",49.1147869304771,48.6352392689607,45.373942826732,39.6840572520928,5.03446789780069,3.35713919711477,7.73507403432594,6.77809629605352,4.99551276240436,4.23955098312483,4.9629767341665,5.54357667270717,0.624615927288516,0.245209572417766,0.982608840605888,0.478427189672624,49.0400929170623,47.4689279090562,41.9105508512844,54.4322557877707,2.5049470583112,0.92986457444364,3.21180147031866,0.549250834520144
"247",46.4472390771243,43.6332677500389,50.0484412400034,35.7023373728828,4.29101219132483,2.95134553278338,6.9711851697199,6.95855475805195,4.69459903729103,3.70578823471123,6.98305235590028,8.80459676537719,0.40066432988598,0.192828117443554,1.01613593742043,0.750279521250434,42.4991876258727,43.7255554104911,33.2218652076335,40.0464555331872,2.97625646306562,0.680428090745179,2.04968439300406,1.16464053215299
"248",47.2578916735433,42.8612699660151,49.7744185799438,38.5027817968004,4.88293568066649,3.53151916798091,8.10272224971335,6.81779190148752,4.83613504894999,4.23955098312483,8.0813802868995,11.5014915045147,0.391397451408096,0.306605444836794,1.00768653802235,0.891072229706523,41.1119463810162,43.6015982480663,55.3885937884564,51.3067292523162,1.41010636567301,0.880632153826457,1.75286661455215,1.5153898430128
"258",49.4720457006932,41.7249472764965,48.4694381131937,39.7478995361326,4.74827245675487,3.90443944390324,7.81578761040869,7.08315872690544,5.79568720325729,4.94948974278316,7.19056681746173,8.68164615110506,0.56962981785775,0.276331173781467,1.11911508818033,0.618193747462851,49.1052727791761,49.4664991310302,50.0217318699591,45.0733100522818,2.91208104908148,1.13022707984229,1.52479951819727,1.55316310098235
"259",51.1560236300494,47.4944128735988,45.760215448832,39.5684086643463,4.98280852248948,2.86011796140586,6.63125247112954,6.7739007792198,5.37673227417158,4.57618880186184,5.65401033059669,8.3786875580872,0.501309066671623,0.206795060244564,0.819730059728629,0.59461331320978,53.8152372229565,57.2570769287213,24.8994174000132,64.0333382550921,2.89793534232479,0.760614876190995,2.69525422567854,1.61219903402078
"25A",40.1043629332706,42.7645585881691,37.1582811450627,46.8817716807405,3.32279185879258,5.68536186982497,5.0923321254295,7.19586647031829,4.50169548054203,9.64438860936273,5.14966690273473,9.06228967516708,0.196111424162291,0.587366835930428,0.444258701509903,0.621242478937443,48.9056352217998,83.0216516040832,62.3672561598394,61.8519334278508,1.15875528175019,1.54699025899698,0.913039307203027,1.59117648841665
"25B",38.3883336719984,40.2320786986494,40.0750546760849,41.2635506794403,2.91431203773787,4.29160618156142,6.26056735640224,7.54017323983777,4.49806748633,4.57618880186185,4.59014979814602,8.76446226659723,0.201231381660822,0.421949524661989,0.402762456415578,0.660369408577694,57.7009003201926,61.7656367728359,69.8652058882693,67.1842988304775,1.47343819224256,1.46904638674618,1.08288027131789,1.05129668763183
"26",42.8335583504014,46.6594224059471,NA,41.2973308480269,4.8077236661051,1.54232069307239,NA,6.48214091530544,5.38463379434811,2.64421766345918,NA,7.54187723286017,0.415607563214372,0.11090277258834,NA,0.609467245332988,71.6831367525839,13.9220482096627,NA,62.2366652257203,1.47138171167174,0.57815769693633,NA,1.52295232673083
"261",49.7201318413236,37.2226665772522,42.8451367519264,37.3063288395598,4.76993278578336,3.70767900812656,8.05968754332819,6.68708690223355,3.5951013939072,4.97471281820859,5.61377682767088,10.7179784804331,0.49394021859832,0.238208831239655,1.04094268026745,0.751937992481578,50.899771036156,70.8829752342739,37.9901426094231,53.1884689873011,2.19498897392667,0.849088437605855,2.97643513440697,1.16282121211497
"27",46.5839565555127,36.0697064384572,44.186332028546,39.588771245883,5.03369143258969,2.78591476138552,6.29267870441065,7.69707666884503,5.14474099733654,3.9576046480766,6.27624624085502,7.9981515192706,0.570618525973762,0.17129391549489,0.819255837942543,0.585929979501156,37.250994200886,33.9736190712156,30.2127213000628,46.2161054161609,2.54523343468727,0.598147900288877,3.39436650801176,1.45223967371643
"276",46.8057602921444,40.0117868675966,49.5650714030191,39.2159131320482,4.29797555789591,3.06050348896687,8.01248956468994,6.74906579317316,4.72129535562463,3.96818231081025,11.0395321776161,8.05199133970786,0.466400095550643,0.220882019784937,1.18696596353411,0.625411776673921,37.0389521656433,41.6082569549178,35.8351262274717,44.0392705608735,2.81205703485076,0.512275348761249,2.22874906138416,0.875374127279852
"277",48.8104414529038,34.7400248638277,47.7864997216979,39.3044430711893,1.77599611188078,4.25312442414413,5.75266636191029,7.24324009817268,1.87039730519834,5.4886127875258,6.15008797314118,12.3585067456911,0.168268516307809,0.232461223701271,0.985060696090945,0.936370052070978,28.6893605625471,26.3079782312771,26.2719920113632,33.1039991185461,1.53708698180394,0.753905910028562,2.65645330300134,1.06373182745389
"278",47.0059545328094,33.8213034379064,50.35947491469,37.5380011798187,3.93639814131761,3.51670849870092,6.56409517473928,7.37766199929973,5.22174642303564,4.65591774506361,7.76592875381211,12.6592649864353,0.446135839820706,0.257347419243625,1.13147152796126,1.09900454972531,31.53965374618,44.2045200141396,34.0913568021186,72.3709318555407,3.40290110699444,1.2438649225416,2.52542268919875,1.2350282776239
"281",47.915544850117,40.204993074954,45.5073325864851,46.021727398829,3.93647106236372,3.87792558289073,7.68544574555874,7.17683080494027,5.7479642808229,4.24571595284963,6.96450660462937,10.3765625769851,0.470752962070699,0.248046252530239,1.30975079647487,0.899563233798296,57.0834869116534,27.1623472466479,44.2861313256406,44.2988763138218,2.01504547397377,0.00109925939582465,3.91436544578152,1.37079833716294
"282",42.5613501587403,NA,47.5639913198855,38.8409145237204,4.23444046777243,NA,6.55582177617055,7.15288301231098,4.30044619226504,NA,5.78302148259432,9.2182292909878,0.374221057643663,NA,1.30438393623103,0.737555350138989,32.8077503800377,NA,37.3934941353463,48.221975691725,2.50398791703889,NA,2.50823643754312,1.86789010390798
"283",50.9478078893689,43.1240612104814,43.4825451687624,37.0363668483831,4.72861395586623,3.34680806035766,7.41885361639397,6.10237036921729,4.71149474620602,4.18360036106593,8.8118775803099,4.56417504638222,0.491176496219164,0.163688720124491,1.22544567054245,0.35118740859849,46.9713975801715,34.2959305647241,27.6816725242038,45.4415364964991,2.12531267120468,1.09797047543591,3.01443697135909,1.95538431498093
"286",53.0600800196816,39.3649365378937,41.2203080013748,43.4137325388875,3.30584818912512,2.00215671589833,7.10098092918252,7.50968582177309,3.99254515400779,3.19181840281887,11.3193710930153,7.85048744115066,0.307878658590891,0.140074710914578,1.5466935470764,0.695358148467847,23.7942198367776,36.8193490752684,55.5274960018208,50.1159024046098,2.94134867405331,1.35478894898732,2.36681946278706,1.34274919275052
"303",45.9104574839165,41.9611638078733,50.8358517701499,30.7099139135672,3.05712526994176,3.79482789055649,5.46193635946172,5.51811627668477,4.72828976011041,4.20679252719396,9.22085282448209,6.21108228749367,0.322133859515872,0.0950115279319836,1.00594027396506,0.204987917260663,36.7796060020567,49.3081299071208,33.4334265748214,174.312196866361,0.951328331244481,0.000582964193233529,1.85715353918459,0.20540476579404
"31",42.0494298907767,28.2123180124909,35.43782313464,41.755273740111,4.35385023206386,2.56252065531088,5.82328592020376,6.40676922665452,5.21342073667101,3.31737849561677,4.42999674477618,7.8354099699124,0.267017500968497,0.108144008841818,0.394382044889895,0.556992226519436,98.8558861812305,8.31798218533994,60.0574434240148,69.9670526091276,1.31069528132815,0.373556032756558,1.13255044273973,1.19516388971999
"313",49.1318227884822,43.6598643304586,42.2461600671356,37.6720979057937,4.04829559500682,2.65462288272619,5.87769408542855,6.97865693911911,4.77339250976294,2.9569512300735,6.53663257727641,7.88211813558394,0.396872934794526,0.190373741212543,0.910605980693675,0.740227604236718,51.9539444702872,44.270766022065,47.687228659897,43.4806176695687,2.52285485649503,1.33538411513378,1.50235272708423,2.16547172387472
"317",48.6339179753595,48.2471996939359,47.1178664245682,39.3696367252574,4.62779963677267,3.4301389546225,7.38883548955559,6.5372991346114,6.13901397076391,4.68038231620467,8.91155351317321,8.21021021049008,0.528906946574145,0.303596238010608,1.31771026008576,0.625611743879476,36.9237829976931,25.5679006053182,46.1389020377526,52.6764504647175,2.34235664261844,0.995979627697351,3.34568715556519,0.993657060418771
"318",44.4987061603476,38.5288344827109,44.6188694218719,39.949146651234,3.74981144625857,3.81957287084123,6.97896516422053,6.69538117962911,4.69052512133946,4.93041961716963,10.7518520712385,9.275863382807,0.381034270120248,0.273570039887435,1.22784227390273,0.660761144324383,69.0083947535979,67.402067164802,46.5871535229485,50.1360395421965,1.96710500587153,1.29545904651536,2.28803069465869,1.44722406126756
"319",48.0643666240448,42.6712589368458,41.4322911845203,42.4590652468099,4.38985099392195,3.75716922440409,6.10260199908377,7.73407002096293,4.82669822668257,5.40627960002062,5.34359516022256,6.7507380508538,0.449823619500821,0.213118554088158,0.728848817104254,0.610683949249183,34.8940738624999,27.9342291725284,17.3088986854088,37.8418209996957,1.74997752160551,3.25326483852288,2.37320957493736,1.64432431959035
"32",43.7946164817351,30.3276739127133,41.1719795496461,44.4905898976368,4.63971233118785,1.7488130135358,5.39946717431149,7.80738592282979,4.98203013994848,3.6507118289501,5.74998681991673,8.24023570640182,0.451594839082841,0.112973173646682,0.844327642852268,0.697943794278733,58.2096000414778,21.5274871452936,49.5069785778663,49.0503205911522,1.929410770143,0.891259248624723,1.51185571496308,1.09050847503381
"320",52.0516437774965,45.1602811221163,47.8937154646413,35.3227363754721,4.58144474961311,4.03539470005051,7.63096044698159,6.84694980811762,4.06988273712627,4.71493205702293,8.58920372725875,7.63877051385781,0.4177573692738,0.313960770517325,1.61562313894567,0.545328748610175,41.4208757610419,54.6663167321027,66.953529399899,61.6172609548062,2.81574773738814,0.90748720144481,2.48146479353491,1.75236008408354
"322",41.9999827453734,44.1811552474076,40.3071001493692,47.066718073009,2.24466405970279,3.8120602978143,3.03572520137393,6.65979874765657,4.27916163779279,4.78220785559921,2.34149292123366,7.61369610489642,0.234361499808603,0.319551599655356,0.254231097175194,0.632626019522742,57.698412698382,61.3779348241227,39.4736369755699,45.8039405534739,0.803141273859022,0.787445605263373,1.25100109542909,1.34830105545203
"325",49.3913300932951,35.9293506070883,46.979351557065,42.0787576206009,4.72536968957191,2.30737804834655,7.56544051751186,6.94289148457851,5.23174677499817,3.6507118289501,9.30549628127438,6.00612112097988,0.562042873268536,0.152102599998915,1.17143680608949,0.48909855916766,40.3429328635502,37.6685629977679,36.5577733004207,64.8847275219117,3.06264574917039,0.684537618493531,2.31800870166515,1.10922717020898
"33",45.0483047412517,34.8154641671146,53.1297957231119,36.8382046012915,4.94965756151025,3.25568093415067,6.56537397739196,6.09295811259056,5.10129955873858,3.99999999999999,8.51977858135914,6.10682183974246,0.672091757340477,0.230041752206522,0.876217905066941,0.323245793241996,31.3762666088681,25.2113584689841,27.1941945122124,20.9696712220626,2.65248632913994,1.79385791283098,3.18930262611007,1.2290564826022
"335",41.6541368401929,36.4887774285111,39.2171473830672,39.4331804141099,4.04664352351977,3.16030991513307,5.09226482845623,5.53466482785538,4.8862592686184,4.46211730708737,5.08606602645999,7.37351274130831,0.232629370361799,0.140707411942963,0.385498302258345,0.430961293054696,59.1320274308684,85.343434337497,42.7938754589572,68.2631855615165,1.47115494103532,0.77060531941254,1.21378634477492,1.15896936460516
"336",47.5927285872072,36.2424686685144,47.5840757185264,39.0209413020446,5.24507939495277,3.84867689422178,6.22199329915078,7.08161663565854,4.28529711229404,4.48606797749978,4.6520410204076,8.62514942196711,0.648877905499617,0.244501966867344,0.789364693500435,0.657243268618961,32.3965621348705,42.0122565867342,41.2406231688504,47.7198583934023,1.59812021541686,1.40201053495527,2.82970801765052,1.36554196210615
"34",46.160748761696,26.3914567783763,47.4629352934385,41.5734398187621,3.88416900577068,1.88540567154093,6.61793333821693,7.47886214350464,4.54252433507359,3.6507118289501,6.47048596041756,12.8261497591249,0.374785082471482,0.115103115499505,0.908804282574238,0.985949998064595,69.7869015139962,24.5689972854343,54.9843147849201,34.9780618810788,2.68964285255084,0.86754152669221,2.09642725889089,1.51394146020471
"342",39.931469215269,34.5007635804625,44.1230588688654,43.2032893232371,4.16335244283059,1.45773814892539,4.7777079438721,6.90964936581962,4.81632357304756,4.15105920521312,5.37130026265435,9.58906482829979,0.392796371898885,0.194347468092747,0.681691987928848,0.779440962433974,67.940184561154,40.2986947901276,34.880062559551,40.9165763310582,2.01513499264129,1.08972949227295,1.03356318065746,0.902775133609043
"35",46.4103902898794,35.9914678062501,48.1969956786935,43.9274405829358,4.37603188300505,2.24765595875683,8.49550910637938,6.81486303950657,5.28768408712015,2.94267077392602,6.55309181686358,10.2421902555062,0.543704701652039,0.134141797162128,0.958843564913336,0.623370939118436,49.5755968889167,24.051971754232,29.0007938321323,47.9848404104551,1.9864207905438,1.12989173922721,1.65791822140618,1.93773641429377
"358",48.2272413985409,39.3411315102089,47.1861632386555,41.9064759532768,4.06240481562648,1.70486635182756,6.12647343265,6.85506309897071,5.32734792978221,3.62750146944183,6.76371527652614,8.87097881346237,0.547028955188696,0.122110763347052,0.806214220945687,0.654195081582221,50.6713091627104,30.1242136064827,25.9973836962902,55.0865105621158,1.98826466301468,1.29009811721045,3.74835147830344,1.83870146422194
"36",47.6245385658766,39.3981570069396,52.9313543668488,40.2159035516424,3.80946200923567,2.08270424057789,4.55066641390055,6.69541884341379,4.84384701797049,2.99999999999998,5.27772808584841,8.14803253277197,0.449480141052393,0.122818898085575,0.758030739951313,0.610762297901284,36.582784295248,25.3368526728927,22.3767212788281,42.6786641218881,2.43386594940276,1.33156754288652,2.78688883300851,1.48694567651576
"372",44.770222603165,45.4600977048625,48.5636601410587,47.5710172525551,4.13906946183787,3.6991244044536,7.31357444528268,6.77260061568843,4.32131459788149,5.40627960002062,6.6979654219587,7.14332244514683,0.446531522875211,0.351745988660529,1.05432030349311,0.550239038990955,39.4030122267048,52.9579444858579,36.9199053857348,68.9813230538662,2.06163151032611,1.27635125574116,2.1921316725142,1.32810278902734
"373",46.3715715895954,45.3602441035962,43.4944721976716,36.7757943886035,3.48743129868736,2.48282710746262,6.80346871979525,6.96454421351355,5.05623592027951,4.94948974278315,9.00716903945553,8.89747962139499,0.367207212745627,0.0465518906741017,1.13837208693757,0.762443409766768,60.6170631226299,2.17523861771345,54.4881476556675,35.56736420408,1.6252365554181,0.095637903661997,2.23961353114668,1.07929156068954
"38",46.6316374498621,39.6557751705883,44.2811313437238,35.0886096965528,4.07292872918688,3.53899002850009,7.13584067064363,7.2582190692506,5.68204993946889,3.9576046480766,6.40363331425887,9.06040103242696,0.512210873091894,0.241835566795476,0.750593156391383,0.70184607870388,57.4841327342696,33.4505254290423,47.0269507050851,35.6216181240182,2.82465482877106,0.780468656216974,1.72385484428306,1.35522914208257
"382",32.7832794747135,39.3699790304881,46.0715108489188,43.2818642144318,1.9821174609699,4.04874029650621,5.92981627455362,5.77378644446997,2.58726562868951,4.48606797749978,4.05447168306688,8.12928211907195,0.262145224913721,0.343971349315522,0.610338006050294,0.550975598155139,28.9949594645164,62.3779553984706,27.0439758431684,31.7892962740613,1.99095961969884,1.14837650257785,2.36835775296664,1.20099632349186
"384",48.8781803799776,43.4836112976665,48.3563914478752,43.3499824871117,5.42889320021869,3.97096193969584,7.364967400779,7.21256193833439,5.41117652125632,4.23955098312483,5.08739284385017,9.94761377453947,0.58218620528059,0.314463806549191,0.974818334192043,0.792514794652184,39.9157979837245,39.3160500075503,28.1059812799746,51.1178384797924,2.71182882654366,0.974424442461185,2.66524046833546,1.066566591052
"386",47.9223907707028,32.5779189898283,47.9301308550725,39.2123569001876,2.41067481399082,3.73976528342741,7.70905849307022,7.27778155254751,2.71944919721604,4.97471281820859,7.35923359122262,9.07005327830798,0.313574381354954,0.088273182685213,0.908075311105115,0.700812132192901,37.3046850974583,3.48715912409084,40.7838101142943,51.9973131334152,1.00379529668317,0.783155652812471,3.03178804100187,1.55885706377628
"39",47.9044718696591,46.9436660647755,52.4916949027475,44.3292967469067,4.13673480811959,2.54481631896679,6.58265434815675,6.71869469127546,4.63853174328798,3.21883349981309,6.67738093928165,11.3561089253621,0.572693111324138,0.130651521793752,1.0963624699515,0.763370897559773,35.2541116449176,30.84777065312,35.6328009031359,42.9709064771508,2.67430176206362,1.28203910183204,1.71103853005462,1.21627891222886
"40",43.0404845030061,13.3963661771717,38.6072164304859,36.3835353897398,3.89608551340394,0.732384441433404,6.07089672056939,7.32518857026541,7.6496754689021,2.21424480336394,6.51734349065571,7.09716370474259,0.396211464075297,0.0278551773510352,0.801426879217375,0.596628315073211,72.0688574345539,18.0424356493846,36.2941097007022,42.0522696234235,1.65146957986934,0.546775542360596,1.54177071883807,1.22374012958542
"406",43.3592872217937,44.1298825586799,44.1067977073443,42.0271771990196,3.23875622023955,2.9989780392417,8.05040511875024,7.04445589071852,4.5761725709436,3.96818231081025,5.81008237250145,10.8843828440273,0.314664041570166,0.18490401128506,0.806553659155641,0.869231708524055,55.6104917577041,51.3407262791878,46.7091944113029,64.784816861281,1.68551855685053,1.60329380315121,2.17966045547796,1.91251121585052
"409",49.587042829371,44.150017586892,42.4794319626533,45.891810999871,4.94049190908075,3.15446532846935,7.20504789214103,6.89985910143304,5.18303537627797,3.9364916731037,8.26280817022697,10.6853890358001,0.562357416063057,0.220178282888964,1.31230269372647,0.802770154556895,49.2445069119634,22.8799031102292,26.1709041353373,67.1543549051419,1.78641069472274,0.734633447552032,3.9911295197953,1.1377176158332
"41",45.7739260344169,25.6081662370417,37.7126197079014,44.4242226813119,4.15799892442012,1.23493923720082,5.17798625611073,6.5515045814868,6.2569752213998,2.48803387171257,4.032482342905,5.9453329606187,0.435509062259998,0.0785513443981581,0.561900917315942,0.48705180635202,44.877652122281,9.10517670058358,50.7723257290282,31.940236191421,2.63628482773435,1.10161744592307,1.34754676887401,1.30504216464895
"417",53.2844277668346,35.7323451808853,47.3488816102123,43.750677514574,4.36785595236144,2.19528868010683,7.90259589360157,6.68574115204459,4.83380336417969,3.73653810567665,8.51755176520719,11.3394715456394,0.489927048291132,0.204573464366519,0.816667866422191,0.772569778685032,47.5316850385308,31.3819351048371,24.967191290537,69.2270059156354,2.46448422033543,1.51759032312457,2.17993040642694,1.20032756340214
"42",44.3707723176506,39.7296121295809,44.5337710617203,37.80754802811,4.02674633485157,3.34048118556512,8.61086341823844,6.44523817292651,5.3707122534918,3.6507118289501,6.99210252963756,9.68464676009253,0.323268821512999,0.138655882067578,1.0098504990831,0.676853790111162,47.4268226883845,37.0448780892274,56.0785255947481,36.2557120914177,1.78282239997897,0.649245237235051,2.24951960492544,1.19894056183849
"420",51.7109321119258,37.5134392772701,53.3696460128994,39.3156552546163,4.68245516114935,3.40691846183562,7.46918562909396,7.00622194420739,6.11142723043309,4.48606797749978,7.70021147685823,6.74981882838348,0.677330752426283,0.260821526081631,1.06827326900152,0.470206154233994,46.5197741643279,43.2432470794729,29.8909965658381,68.1859051075381,2.60339485767109,0.755792358813987,3.11564815218532,1.42972363785229
"421",49.0818551151904,36.615186654085,45.2468127622495,44.5279676644794,4.24385519558997,2.53992390160799,6.18749399232088,6.87115130661877,5.25343061009494,3.62750146944183,4.98149179681336,6.62115033307475,0.545470981654887,0.124094088827899,0.83117526604241,0.526467475638536,44.8691557540623,31.4266216714613,32.8016380965265,43.1571959755872,4.20263457619372,1.03501185665812,2.64215381630041,1.31266396208307
"422",49.3996038815695,46.2717166792204,45.2450759432523,32.4240094920648,4.06236010715681,3.31304173606031,7.38511655627175,6.61162040237384,4.85913531386308,4.42850833301024,6.94124019904322,9.05172197595976,0.488525879306902,0.275613923766331,1.1147658527167,0.742744010711552,56.2080412680721,49.6234399087052,36.8467164591041,66.4440040038596,2.23054431908309,1.52946398030465,2.22299492918505,1.25407228912341
"43",46.8186811598415,19.8458199904884,47.4918756252899,35.3031063614055,4.89763499791069,1.37842912208903,8.18522913781199,6.85755765689163,5.36475434003889,2.64421766345918,8.83963347082976,5.41507057970293,0.619995183999162,0.0224120344235794,1.35516854660235,0.40704846525705,41.7517357068675,7.707567378096,45.2598457051058,36.3731861994413,1.9880741601214,0.990155702112298,2.590454893658,1.29866660606498
"46",46.9720136286453,31.5287298925076,50.8440368220112,33.4283481726056,4.03660180336238,1.44765160655867,7.85967578937819,6.81330449177824,5.64042724942863,2.64421766345918,9.29431815269929,6.51951252765318,0.579487453501239,0.0830506496869615,1.2639480460167,0.418875389116547,51.7851763117106,38.2033674460627,35.0559168114254,53.2675549606578,3.49669603055642,0.58055165232625,3.13563021007755,1.04432067576872
"48",42.4385758635134,43.304545151964,50.2842664792853,39.9619088634971,4.55471067223463,2.49604234333648,7.96843221879366,7.15211202463556,3.98579089139449,3.31737849561677,7.33244394446029,7.96462300909258,0.349091095423739,0.206805311578673,1.05746232530773,0.68385758893163,42.7759351932814,36.25231114234,40.2703972828937,41.5306923653648,1.79176657066918,1.38021891104906,1.15998887306044,1.02756634770109
"498",49.5557610096293,39.8553660950812,54.9912938660421,39.9268814404476,4.84061962640701,3.86393401012955,7.62861666865665,6.63069089775176,5.28518513964263,4.97471281820859,4.8908472470143,7.06950138742007,0.535325510804076,0.256647662016075,1.03485521388779,0.604523701497754,54.9439140952947,45.6963604165152,41.7245265721791,88.2173983777134,2.54757861295901,1.32681863141136,2.58060890969815,1.60599989569833
"5",49.1380082801817,29.6024762136426,46.5088950924384,45.0735870848391,4.38642248471056,1.87811990901101,8.42288338720736,7.30024436023822,5.2769339381123,2.64421766345918,11.678632708911,10.6107732565014,0.58029893783787,0.104219642690252,1.39327863572899,0.793267924836318,46.1378945306216,13.0143596597666,26.8084332222418,48.5325374689073,3.83009611866763,0.490544690338711,3.47006895975211,1.59220756835515
"508",47.8555284815701,39.2682909580483,53.7957133151079,41.2343931783631,4.1093602101153,3.31789598242572,6.93521102119879,8.30546009070375,4.64621780496324,5.60758497187472,5.2714626812918,9.04249138456055,0.476535867515293,0.287478610984265,0.843220838804049,0.851191781569367,32.2668713931146,32.5365027904512,37.0400898992392,49.7323822119722,3.06291341898325,0.65893150193024,2.38827541099124,1.75157477109985
"513",48.5301691543051,47.0919298830305,45.6388304451153,42.6612349967588,4.1024973719767,4.17466140239261,6.96746335232653,6.82167173635866,5.83586754715184,4.65428264666647,5.55568469304673,7.21748195856685,0.446617371227179,0.310606046374027,0.894373903072776,0.64920178208367,47.2680847168792,39.0821968411652,38.4487830323407,55.7128758766237,3.2744526562823,0.683571572500145,2.37974701352858,1.50131564377137
"514",50.7795947311283,46.2552997589221,46.0165202481462,43.9737565648194,5.14871038397491,3.30592971005816,7.29655916624216,6.85088808843285,5.38563751330762,3.48205080756887,5.42510852350824,8.60533881463623,0.611936384920244,0.238630717743962,1.00067124659974,0.614029038838317,51.4136747957072,35.3907440205386,40.5976944301899,69.6636449199169,2.36319209193674,1.87378102081752,1.83258992556717,1.01684184698586
"523",42.8729564631957,42.2412793289598,47.6204711972752,40.7721776431956,2.67768078739331,3.35993436714819,8.65554854265367,7.21183160690849,3.47350383538014,4.32094931333313,10.5397758705615,10.1118512111972,0.270214102766084,0.230656489863911,1.22485504526014,0.650437067078492,26.9371610243326,44.9435143541862,41.9686656373889,56.2576346524688,1.2282049918421,1.29253754152559,2.91997243687991,1.58592125119567
"524",41.6744895061282,50.8764330734521,56.3155286572266,42.5176258484686,4.60946321327638,3.99038555061554,6.24527038171617,7.63031375877999,6.17658327164896,5.19599176229093,9.89810146758104,11.441273765257,0.597912888081053,0.290298498912478,1.08223144058039,0.859448710154882,56.4215002038615,62.0931211130241,34.4928709453108,58.9863188605613,2.94282479956505,1.45974380777586,2.85372518495572,1.29450259687262
"525",48.3645546473117,38.2709583723342,45.7801688045276,44.5946735811883,5.05683519698883,2.84321606285593,5.77783675673574,4.9765844484926,6.6035991384781,3.83358982830845,5.70682030799955,4.84067223263565,0.701013544102355,0.252056664637821,0.724101808320894,0.316363542357567,48.7585141720936,38.8451940657937,28.1195752185936,45.2945914481169,2.83648812596251,1.12029613168836,2.83356623282508,0.506761708427925
"526",42.549985519433,38.9138997506153,40.3497829114055,39.7319869500635,3.25697567448018,3.48983580548669,6.92183242051625,6.52000351940287,5.85093558700787,4.42850833301024,5.2836842899031,6.93800629236249,0.353097385896631,0.297473486526165,1.13778631698857,0.572781500074039,53.9923131085114,31.8585674217257,34.7242418335804,26.8339844162388,2.99703683333828,1.05727922808135,1.60456126139876,1.6836008687227
"53",48.6296191650771,26.6970279091796,49.2199160230024,40.0349177871704,3.48876225092134,2.30123381311414,8.04646797064128,6.63269771428394,6.32481389356854,3.25707872210941,6.25461729423868,6.93017685479076,0.669267694124948,0.0523468310757925,1.19272942561669,0.47447424036884,61.0720930989555,20.2872286069239,37.9089829271129,47.3944243338318,2.53324329788317,0.917584706220438,1.904216726607,0.864744415828013
"530",51.0826942375631,42.2071236175569,46.5455746733976,41.69119106333,4.72622314643929,3.96021273205452,7.23073122752244,7.93403026967458,6.17630364124655,4.94948974278316,10.4803557268092,10.1349392427114,0.527053782834954,0.270233613378962,1.587448773624,0.812384923943023,50.6567839134287,46.9657592574823,49.7501803104636,62.4546125595843,2.00846978403141,0.647644805526703,2.47349479280638,1.07133610493031
"533",43.9822607812471,45.2262627232474,44.1358159384129,39.9667117861304,4.59203815923346,3.82153543329458,7.64392136395959,6.41273582973317,4.77809316311168,4.99999999999999,8.85813542397357,8.31899697091895,0.467490940173177,0.350307097882128,1.11020592435416,0.737563214972737,51.9509530351768,54.9282804364648,32.1184336228576,38.6400934518228,1.46910634760223,1.40914305174427,2.98043363776285,1.67026109516911
"539",41.3252461634659,46.2539649847596,44.0942095841783,39.3665650499993,3.72999624899631,3.30112343242712,7.05609582669477,6.98512541620533,5.73211835608632,3.99999999999999,6.52478864330814,7.95537645963504,0.530185201681861,0.247295938840704,1.06659263151689,0.623078164325089,64.8767553867979,33.289412946948,31.8415577936452,51.8435396387681,2.53055964091529,0.890917197787749,2.90204596531419,1.25527429373696
"54",48.5223339002417,29.211146015731,48.9935565674384,39.9316362296265,4.78205682530687,1.72255834279939,7.08009233274732,7.71844716834489,5.06805645144029,2.64421766345918,7.98518673912543,10.8711634295407,0.654075989921918,0.0919603813004032,1.27127708987372,0.780552023106071,43.4360105328817,8.65576324044275,42.0314922278113,36.9326690815442,2.41490223863447,0.535162371269118,2.51307640377139,1.57847513172936
"540",51.8233874193062,42.3731237378756,39.69149410742,41.7997196275873,3.69096409711482,3.2700552907002,6.27473083195228,6.31078804626582,5.80245448546046,3.9364916731037,4.52883320675018,6.13411149534739,0.549170325600394,0.237416180426091,0.8459484007305,0.521140868903824,50.433742918481,45.9908636286554,35.8696999663819,42.2670250967541,1.27914543135223,1.40814477780413,1.75191297616192,1.56812645486711
"541",49.8715886098049,45.1570039147944,46.4214963551827,36.9675394905004,4.16927731226986,4.12907733675553,7.19922857805754,6.90205820765008,4.18353166385041,5.44208301490677,9.2374395203201,5.91502138796226,0.428865175470638,0.345285729675434,1.30987740023215,0.479566667492305,51.601490213028,55.1939418104972,57.0082144192119,40.4113846020555,1.99768366005143,1.17179421264644,2.03387614086333,1.95507301007613
"57",50.2760727025457,40.5012016608251,44.332256788458,43.5346678737226,4.76519743663627,2.68065027680762,5.66792543849279,7.6512507883661,4.69056979627522,3.6507118289501,6.92829617566634,8.91982434435613,0.577182825321208,0.220874047100084,0.719413399357292,0.697511636093035,47.5152861936882,24.1417471707066,34.7709933994585,34.1670296715808,1.85423062940518,1.29012044558604,1.45286797466432,1.79601331967584
"59",46.972266860764,41.0662097381334,51.8711143808368,44.21853210781,5.15030893542258,2.22822730819358,7.69646539689813,7.53405075151916,4.44865839070928,3.9576046480766,8.77645868392242,10.5839863512371,0.622021301893006,0.173319941133273,1.37776438583661,0.793775221739493,58.4304851720781,16.9172398559361,26.5057300807787,25.6685629336464,1.85730447765917,0.597299384273341,3.33353047744313,1.34186864515443
"62",46.717170924225,45.9548234440217,52.9423433877724,42.4362533859252,4.1183040743659,3.86721116770075,7.02029247359753,6.72732061415701,5.58220224033814,3.9576046480766,7.8389359598235,9.16992518824724,0.546647120432158,0.175400701459345,1.10076831550019,0.611620324869294,44.3590200212118,20.6018596648935,23.8026491219678,68.2739819092146,1.76589673438954,0.000188548107049755,3.94250801842119,1.38180267236531
"65",48.7379955456163,53.6774914730236,46.3698643224304,43.168877122086,4.4430463123248,2.47709765684949,8.15756949191072,7.5601384049342,5.00148528502483,4.24571595284963,10.048756361729,8.26495506111553,0.461615451577553,0.161397249094318,1.2624924897513,0.66445083270345,62.4134152502077,53.4551135133111,42.5607878532555,44.8110143951679,2.06128970774695,0.413933588169017,2.08086713311529,1.37529657825916
"66",47.9427815850848,44.0719234676269,49.6972428269673,45.4444026024341,3.36788474071415,4.44274901394166,5.56488166777423,6.64326166061369,2.94481473829607,5.65654470002294,8.98448634390314,8.23638142450943,0.29772254517347,0.385488553732246,0.991136564505916,0.611987647938004,53.119311651776,56.9888645816108,26.5965813590965,34.9165509062717,1.97760543814399,0.790473104619707,1.11872951361204,1.4325683064524
"67",44.6724167488328,44.9425375751228,49.5283158875185,40.2840225639674,4.30802391714643,2.89562607535077,6.6021735417823,6.28994337045626,4.58680162345315,4.57618880186185,6.04972154080236,7.31748312099774,0.442909838164432,0.253750794216136,0.957139768732986,0.549880654942579,37.7570631250287,28.7400490668414,29.8093874785706,34.9502215288304,1.30038110396763,1.23092525563976,2.72066576582993,0.530057678304737
"69",50.1629216015277,44.6452950637651,48.2352869601824,43.7304126427583,4.70131439479583,4.41760813367471,6.31876601012875,6.89950630375153,4.75864254564683,5.26215963560629,6.60780335633696,8.36284235095809,0.539237626459315,0.469138146767219,1.01558608113126,0.627931799105399,37.4977070025711,48.3871875856228,31.5946834452017,39.0700799215953,3.47473595631628,1.01925420900396,2.05475306543271,1.49378305075584
"6A",49.0308781976958,47.7678790279339,52.7145176015952,46.4814469412459,4.54165474224543,5.04899693591891,6.88966399508428,8.39998825867189,5.00247331237286,5.9720102347909,6.19727984431512,9.81345996040779,0.398894432394287,0.407833419501782,1.06730765861358,0.838758329972093,54.1564240933727,60.0764080776602,44.3155874695326,72.5892744856157,2.0692664837363,0.869687080607824,2.22654747462682,1.3615818499739
"6B",49.0319451150415,42.7030350758558,47.1550956875579,41.5369773747703,4.99936184576923,3.96529585070819,7.76941360111728,7.15376948236282,4.90445967540084,4.6217686602517,8.30145957742376,9.91213129641897,0.487124475781856,0.355564492699443,1.04519220288979,0.665615127965956,63.8860607827828,38.2012159869945,25.5306460159067,57.368975069118,2.17610914691551,1.25354138911406,3.36636443160232,1.43511762451289
"701A",51.4209298298356,NA,41.1080020576622,45.8835930349343,4.74966178571282,NA,5.33815692352776,6.85211373842712,4.67342815203994,NA,4.71877080187506,6.75643834410675,0.575976032610883,NA,1.04363936795817,0.598698843263518,44.2971818787882,NA,49.5141350473119,55.5248145709141,2.35604993439101,NA,2.84281150160505,1.47284468906619
"701B",45.5713831183876,36.1443146909629,42.7342539446649,40.2856389922179,4.08951405665981,3.60383589619816,6.51780162510164,7.16690994617827,4.51471065523756,4.73955098312483,6.27882965615315,10.9004232809926,0.404536471245626,0.216277382334229,0.860604016906487,0.81053980747457,49.9163128680482,69.2295085435587,43.0933411161928,56.0172530586684,2.29140191029911,1.21272302597738,2.49464353621208,1.64686039381579
"71",46.7729177743874,43.2240041616438,43.2652362230945,40.0587217535966,4.77854184132125,4.6742462957413,6.28329263382683,6.779500323944,5.89931577794108,5.4886127875258,5.13793838296909,9.12757619252675,0.539058349386368,0.327658506391652,0.910906468707382,0.674006186933657,62.4012103708799,33.7177091780318,41.7348956847045,47.6673957208673,2.95561821358957,0.743796598760728,2.27231329948128,1.65322448742043
"710A",34.7309906268759,48.9466066656516,40.0002942662672,43.2357751359991,3.02581849236306,1.66227125985393,5.58794409648537,7.10323516786802,5.34732484539546,2.91421356237308,4.98143350045695,6.96860413427717,0.232189555007378,0.146143231014896,0.42587420614762,0.581124391887086,50.2624942347067,38.8768409317767,49.7469446296711,41.3759978847373,0.781839803947865,0.78234298105202,1.34575953099483,1.17306764885178
"710B",46.3189648864967,45.9098160677822,48.3446884747676,38.4841424637992,4.42255851099143,3.88088675025475,6.49028562470294,6.39877007437743,5.17907267398734,5.95803989154979,9.47451591551364,5.60637006775546,0.518222589935382,0.505270768077634,1.19189406807064,0.496009816078159,47.8079091881073,28.8604981879031,38.0967676549611,54.0010615152724,2.15558134448334,0.891429301395123,2.3566165575026,1.26638293770981
"714A",46.0332627343082,47.3443617662771,45.9308952284577,41.0884607797592,4.74666277018537,3.50434238949616,5.00482328936016,8.23875522709397,4.34460630054091,5.03561200840985,6.71788280895333,9.94365069642692,0.43307362962111,0.384037765495529,0.746827741366241,0.750161085505084,60.1929564757621,65.7375402831883,38.7366849881347,76.7883982960193,1.72527326062761,1.09689483163356,2.14791635157714,1.20176632411837
"714B",46.5458218614261,44.3142226632448,51.1837066143785,39.8340979991204,2.94271404710032,3.82798762238958,6.71072437992366,6.74869475147103,3.97087074344035,5.4886127875258,7.99532650515067,10.6885700267434,0.298701268368508,0.422868929841946,1.10856830524008,0.852831321950913,56.7929283455263,69.4553676274521,75.8044471648704,76.4305855773328,1.91713725852054,0.503631543373709,1.00232143857508,1.41127034175751
"72",45.9599333278471,32.4902449677402,46.5540861069311,47.2898356386267,4.52456175799544,2.95899777446403,7.13554374879614,6.94402219224321,5.22959578914609,3.9576046480766,7.97844647721249,7.64402314371698,0.480982747917341,0.253663837783108,0.804612537608204,0.570407673276989,36.0207174159869,43.2381418896007,26.5391121739954,38.7618730693271,3.13849075321324,0.808844162534012,2.18520558127232,1.34967784616992
"722A",44.2433104319543,39.9823945299989,46.5036726601331,46.3970473966674,3.23931373000619,4.5409408731056,5.09590351844181,6.87214499706224,4.80576872451667,6.18307312255256,7.11934239230065,8.94088162749061,0.337396659544705,0.425661196146135,0.854744426054163,0.663103875357324,39.2922848727147,69.4601556312101,49.6566604073435,35.2706471350056,2.43316055642039,0.598447903495457,2.27278067728737,1.39688667189392
"722B",46.7337654309514,45.3950025936016,44.5078395747058,46.2899333205195,4.20650518839038,4.47427748776848,5.8469794734379,7.12142927367961,3.95829894888975,6.9089923325939,5.05901413853273,7.56595218661564,0.478922525879731,0.579335611531424,1.14621867477096,0.621465475931015,27.0770497008608,44.4764980201566,36.4484257841892,54.4066722302286,2.22108595933943,0.939584717263579,2.77598437123982,1.27115705035964
"724A",44.6210481603577,34.5273137755268,40.8740098243585,41.7024150083201,3.7947323489087,3.19159282763518,6.32743522313469,6.71724776501802,4.9449837514622,3.96818231081025,6.32350953889193,10.1687116428481,0.300842826124825,0.143412986135109,0.911377814656884,0.824821789380675,65.0393655559772,47.3900524076644,54.7171678291231,75.8847779277523,1.58761667122535,1.10030840340948,1.32266379719055,1.1675765195886
"724B",49.3215610231868,NA,37.471277742052,43.9660692078724,3.52136128548345,NA,4.84689787135347,6.92784888308278,4.45126019335168,NA,4.63248048617492,6.51698368489961,0.303287705561374,NA,0.61082772841648,0.541048934489924,49.8869089755952,NA,49.7487222128893,47.5216606863163,1.06571048641165,NA,1.54414751591229,1.19485138523225
"726A",40.6523443730238,32.6608645571253,43.9952572150482,41.4521085793605,3.50540220432908,2.34602743448541,6.44783289035954,6.94738173230487,4.71224944779464,3.23653810567665,6.67507222674381,8.83397689309094,0.167359338559925,0.114896372862044,0.76668688984624,0.658583753577666,56.2081987892036,36.0071108447001,36.8245204530973,77.5663929656225,1.19020429083456,0.645846074188663,2.21505248756906,1.66724123728596
"726B",46.4945901137067,35.542374827347,50.5576944769831,36.1869738577718,4.83120755346094,2.17042535502082,8.52097938110869,6.02137443041193,5.01680668139254,3.48205080756887,6.4388321841949,5.08788694413113,0.477216251221927,0.190672479218808,1.06859848260912,0.343779334300971,51.5487486419176,33.4713557554062,39.3542475651538,43.5527063619248,2.71406135451845,1.4570206888161,1.95559417579988,1.2507118671685
"73",46.1963541687416,40.4675742368182,47.0423443310562,44.4207872433734,3.55137096622524,4.54316955295368,6.3522454046826,7.02023827109155,5.10247395539174,4.99999999999999,7.1580915185357,11.5813103859923,0.455001443849347,0.360843368443641,0.867856164742976,0.8512752416205,36.9843815153707,58.9978601431088,34.2308836722773,40.6311739950364,2.63591324190447,1.1329388953756,3.41057019321069,1.64709757010041
"733A",47.8168626820288,41.1449600182529,48.2879026855362,39.6158055997637,4.48553371116366,1.92388343464388,7.35841832639667,5.00235702392332,5.36469124333053,3.19181840281887,5.91341206628682,3.62228330060516,0.590968520951848,0.130884312687234,0.944709324457542,0.292039178766098,67.2488872733403,14.0955033153092,30.3803834099881,47.2923451496381,1.78420570803392,0.464551849218257,3.05727734484584,1.11907895411835
"739A",48.758366374948,26.305176317763,47.4242463859624,32.7715541151094,4.77169249093449,1.83969769533734,7.29449932970683,6.10630617117152,5.62496664094263,3.9576046480766,5.94925492066067,4.14451403385906,0.60061940446671,0.0822427317539409,0.800215459327262,0.350641702714078,46.9572136111125,19.3048158524285,40.5033382934026,38.4038939953072,1.7488496489395,2.29737265350753,2.88658825345472,1.55347484607981
"740A",48.7160635619002,36.0984360960447,39.3113547536155,41.3161497266126,3.47961103736106,4.3991560024445,7.005732180011,7.53653282483121,3.58845496199416,5.59807621135329,6.50896326477442,10.5703669706955,0.216651373655045,0.441200053650723,0.973548678638654,0.722696891584035,71.4528704645471,74.2708288245823,68.7501233047014,67.2012360238947,1.82168308464137,1.0512962363848,2.00083653076624,1.13725120288103
"746A",43.5418016467523,33.8511999200111,34.5448985750385,40.8202078428517,4.06958966465445,2.01417214595994,6.6473288734917,6.79229345457623,4.73285293429629,3.9364916731037,4.45428303965162,6.25630915978736,0.234702253053472,0.124951915550222,0.466818603617028,0.616311281792801,50.2539323525085,43.9715935967389,66.1792738393233,53.6171513981353,1.64046710961498,0.505900535730419,0.950064434625015,1.48425971272255
"746B",40.5744493808049,30.5089299569659,42.0243821115746,37.2597931004706,3.70686190789673,2.56893148060523,5.75204102019049,4.89891540042916,4.00425447299981,4.57618880186184,4.27017308937002,5.85755466579905,0.171736267625723,0.174329031085734,0.400086052351533,0.338667668745935,70.1669914689523,49.2530711276177,61.8893891910171,44.8357519794615,1.22067212786084,0.926016317708324,1.09078154571724,1.23134112715985
"748A",46.5219623695149,34.1451869204234,43.5805632672732,38.654614831174,4.52873877898702,2.17914843678615,7.75599503214009,6.95290396163375,4.48736694327365,3.99999999999999,8.6578534374148,11.9222886496851,0.344879008031427,0.107770527314813,1.21746979376029,0.809031818907388,69.0092894780008,30.3032269314909,51.044433432623,67.4307847882658,1.27266620064327,0.655621713233123,2.09623636748079,1.51260630656854
"748B",47.7922217906381,34.3137145758052,42.9121859589451,42.3919858628489,3.73826192716781,2.27530563456823,5.64645394768795,7.47271153354499,3.92378835490172,3.4061769305053,5.58009975827878,9.1412235668671,0.284283781800058,0.228700726569166,0.351854971741185,0.724351451624195,69.0140573814996,37.4397127409041,83.3981576748719,76.1160902717773,1.96957213517136,0.760494676426224,0.897158877274881,1.06561727631715
"749A",49.8996928408035,41.2684348469461,43.0416311367585,40.099644136814,4.06006029308257,3.63543435687621,7.66163828242106,6.67144838186207,4.75564662008068,3.48205080756887,7.3593558710336,8.58431068418516,0.459246840500456,0.153591643374189,1.25011304141774,0.629155937166626,50.9902933662009,27.385501764853,57.4418282475036,67.2275013835692,2.61360580617436,0.872345292714269,3.38677380940457,1.06541386606489
"749B",49.0530453888569,33.8440906099517,49.1327466241983,47.263492154472,4.77068123695487,3.23923939645591,5.08262116173354,7.18143363053714,5.16033044167292,3.70578823471123,4.12097768288922,7.28589787886147,0.460022020995277,0.17074940952666,0.896531540694031,0.614284429764814,49.5684001143122,24.68503504218,13.4742159437473,94.8706950961616,2.66160470668202,1.24499806859953,2.65747300512065,1.20122452848352
"749C",49.928065063851,42.202734754378,51.4318991436445,41.1276876957708,3.93076751778416,2.50421039229092,7.42773900587789,7.28525771937699,3.92447088740222,4.20679252719396,9.15554475951281,10.8970859175594,0.326893589368559,0.178486431781109,1.25849863826933,0.762606779723565,69.8128170076192,30.8412067095151,50.7249212388662,38.932163549231,2.09505595091169,0.969682758100694,2.62146868859456,1.68346094262376
"753A",40.0230938056469,35.3083459052665,52.5557398584117,41.9850933401303,2.30583622602125,1.85453678344095,6.85710850655525,7.21675519674361,3.87837893878907,3.19181840281887,8.94740031102249,7.39970715254117,0.228533111267267,0.120974140794584,1.28506252404296,0.578003477956495,36.0715286499037,22.9771330896398,65.2982974790729,69.5089897013658,2.1318589963765,1.01642044921963,2.24349054838419,1.13196277314793
"755A",47.2236697843166,37.3150240436206,51.1499858647627,43.3723019945626,4.20752155688984,2.86605176786524,6.19157168107126,7.09786114103833,4.38032085617333,4.07694677674917,8.56226566309346,7.62401513237734,0.55813809128728,0.22632651237062,1.17088789062661,0.650823954711912,38.3414635867571,36.2150489672021,25.6995135834112,53.75831384375,2.275426238375,1.41646152981533,2.89029172915656,1.40647325106721
"755B",45.9872562265194,39.3481637295273,46.5024656340934,42.2738668170965,4.44256413075974,2.69400582479701,5.48963394924474,6.36864621122092,4.00336179129831,3.96818231081025,5.96340965806795,7.95009308015323,0.367373250821145,0.228622408522128,0.969523906261228,0.623712158759523,44.6240006685502,33.0828065477575,72.9393744896502,38.2250986421145,2.60582817712089,1.36470447614339,1.0476822103757,1.5112081164915
"78",49.4524184293029,33.2221181764755,49.7302642237977,38.0321587324951,4.29415426473034,3.18722334197514,6.28637460469691,7.22018520874798,5.81441389170825,3.9576046480766,9.7229439534657,9.51117488004537,0.534704801686222,0.218764677664736,1.23031958476461,0.64956227589226,71.2804452853811,43.1514939798522,71.4655432832433,60.2299022700566,2.15122304480659,1.11891252994061,2.62660259787128,1.19462908476195
"79",44.482841160891,53.9925266366178,44.5816185554247,42.9176311277409,4.37816536040137,4.29367564892126,4.91424251718541,7.69485694213733,5.17692813346062,4.57618880186185,8.33828159151374,8.19311281325478,0.524167405571641,0.456782395419755,0.874947318938028,0.619756862356464,40.4366364212627,25.7272405470875,32.4953853091603,36.5687070832528,2.07883405097771,1.25704312445231,2.54469261622663,1.58810156835427
"7A",39.8397206636737,48.2589729815258,48.510108518628,37.2117096790462,4.34487489975745,3.26180682507787,6.20312665423283,6.85624411258344,4.94725532834833,4.32094931333313,7.09314098334174,6.77039243029641,0.562842795995087,0.302186483341243,1.1173124511946,0.572266002702886,36.4702642589766,50.9335416280742,41.0320744043334,40.1582094641182,2.50100463901176,0.906114946224716,1.98258150234149,1.40910450378949
"7B",48.2306372546121,45.77844828124,50.9463469433492,46.2055766611173,3.9174003261223,4.83940645403685,8.08600315488555,7.1878341792133,4.11497748728713,5.26215963560629,6.64238014394334,11.4242227151661,0.479253485297568,0.372759073454255,1.27166245825674,0.840855328615528,40.9030572339431,56.1585561636654,43.0842952590745,71.8381094477538,2.94874469783013,0.932616730515056,2.86035234271634,0.942370448793248
"8",48.9442252143578,28.7413141653689,48.0292901041529,37.5062236447119,4.32314290956103,2.32800279841226,7.10649966975151,7.05224857007228,4.88677724611316,3.31737849561677,10.7748421188491,7.8474598275464,0.539152329749088,0.0934488278830418,1.12638401874882,0.563896945792494,50.7536664320801,6.16508742770537,48.35563350538,46.5050016322456,4.77848776729174,0.0402057528976283,0.720326220729273,1.45729723935589
"80",38.3517017638295,44.3025358941538,46.0005767673003,41.1250741495154,3.89083255272703,3.43973617759987,6.72800610694562,7.32301657014808,5.34032612368168,4.96629800347056,7.83926684254972,11.5553625141055,0.375133994302753,0.304468091870719,0.935889073135959,0.818001955030198,70.796629561386,57.580506060825,47.0415566345613,48.3008721295323,1.78610128651023,0.842759702230341,2.28106160215338,1.64141643040769
"82",47.9651376998224,27.2331658845834,51.0779985285565,43.3766042136266,5.42773706677178,2.01506828655098,8.56500059978957,7.35245543080235,6.27371365369548,3.25707872210941,10.3803579917291,6.92480571017724,0.702120240214646,0.107717786595093,1.32309351988378,0.51550777877926,76.2212487968124,32.7926958004074,55.818835121479,48.6298960284506,2.11886292504893,0.619944523416793,2.05557547707425,1.0450376555157
"83",41.7484848876683,38.6547277921427,43.0519584034909,36.8176884631737,4.02110102700321,3.41552716302269,6.68928050087883,6.85252274961303,5.69899511713238,4.37132034355962,8.63996765533176,7.10136174715527,0.338300109247258,0.272875296772173,0.981674910817071,0.517484128432775,92.5379153607969,43.1700990799056,67.0333876668614,47.825613000463,1.81778469310932,1.06746091891787,1.51399411376586,1.51400449492118
"84",49.8959532284513,40.9712925402458,45.160103556874,37.6822039414157,5.2358322988318,2.59519913308744,6.25835128638423,6.60234079038549,6.0326582638404,3.21883349981309,9.98557481062391,8.64260531379946,0.642136751605979,0.205734959386846,1.09582875638627,0.648891717567029,65.66341232807,42.9228949367932,41.1889581406375,44.8503983831023,1.7839947869286,1.25475869424356,2.45309707685444,1.6307297282986
"85",45.2920512192958,36.7064090809285,44.5219694214905,42.3786852468409,4.53842933676437,3.3817659575053,6.50450403220581,6.56550069009207,5.74092194443942,5.26215963560629,7.99850812191759,10.5251961150604,0.479774449347439,0.25491727509669,1.0913783261916,0.702359098959566,64.9367116847976,26.4301548779821,50.4772266731334,56.8469188633246,2.12997895995364,0.36179614585392,1.71931560873024,0.679519246275742
"86",47.7423405146496,37.2924691460108,46.4178318544708,39.0939368299596,4.5351970332101,2.66818173176032,6.51544510059392,7.53298756210212,5.81860529904345,3.9576046480766,8.44933409357871,12.4956126548773,0.544950429650504,0.217170516713521,1.02398738051819,0.871260467815319,33.557989342285,46.2646235967275,33.1217331608586,56.862233763908,2.43488161776113,0.547729150059373,2.53484342876097,1.74277634153311
"87",45.2184908648844,37.6224432713183,42.9880175866467,41.3872515821107,3.84779099960186,3.18744210491095,7.77224053539195,7.63395216555946,4.02251308848177,4.32094931333313,8.94082641238939,10.8647153484248,0.256220915746016,0.28844836106811,1.11344161343454,0.875297764664518,52.9143675057381,35.5806177662132,45.4098344197927,48.6883358352885,1.60705173290389,0.713465622949605,1.95528343512207,1.33044733497156
"88",46.6084468805783,41.7774263198462,44.7980243057308,44.0262419107396,3.80192308751491,3.31987033137862,7.33281858514608,7.05256878985284,4.87652329137981,4.65428264666647,7.90806821273595,9.63716877271204,0.446132650934077,0.221512787081397,0.871962966112337,0.825340557786943,54.6390721039898,72.2235934834524,62.5160370160775,39.3508230127706,2.19470839476103,1.25559139490251,1.93725268376594,1.64610974460858
"89",46.7650513219871,36.6355904961329,48.543664299628,43.6351456508148,4.56969162308264,3.19667143611097,7.14067303984178,7.6275823027928,5.24677276399322,4.86036418316951,8.74026155283607,10.4665024583408,0.449299071671543,0.263639452245687,0.883809825373626,0.789450661775748,39.1456797511472,59.3792306213664,34.4671786162994,52.4135732843556,2.11834500475541,0.659577337386616,1.73277931076979,1.20853492687891
"9",43.8066408762131,26.0159775108558,47.9840854245795,43.7635439306608,3.74246928008342,2.28053870542742,6.43329678956784,6.56041347920023,5.94234737666724,3.31737849561677,6.48423878102175,6.5793318991611,0.37237845274119,0.120628832140842,0.867841642716568,0.532446562378525,67.5039584836194,36.4846302426112,56.2736416463616,48.8855393180178,1.12278692768088,1.16055123068764,1.08281871084465,1.44098556162447
"90A",45.3428008666349,35.5714629425098,50.3476347590654,41.2558119937303,3.53638965439997,3.77094633002166,8.7962746994385,8.23084345888302,4.23102023692856,3.61021482053662,9.9337738435579,7.53128953767981,0.38022788358151,0.311458569527346,1.17017751721498,0.654721171605523,62.7022967510573,55.0877125045007,68.9864320619277,48.9973059054209,2.49254270600289,0.834006767071501,1.32223976119016,1.7880813308944
"90B",43.5404265662875,40.9064948874918,46.9438008848933,43.480414294598,3.41528105102334,3.82755665838002,5.82375221894938,7.5828877521632,6.68607438332037,4.32094931333313,6.00049104053206,10.3128554776557,0.290022440789037,0.296842776366259,0.833399152329243,0.810934381141222,60.8956053369089,38.3978384677145,77.709860492852,55.3396995935149,1.58088181067054,1.25018075870042,1.41901380593828,1.78891384498178
"92",45.9073844812902,34.5985926164497,48.2624389705602,37.1565809534324,4.17679911027493,3.20437213123065,6.72246033098797,7.12337301977061,5.35609842641697,4.27688148720328,8.07771794153073,8.99141465254925,0.367206437942333,0.265585125093924,1.08324207232328,0.659506963851019,45.3757913702708,53.0446503567534,57.3518171244796,54.8733144972391,1.83974798797389,1.18314678125298,2.44016502784055,1.540946805035
"93",44.0686534008,39.9258275356921,45.1378574738734,42.8770724748385,4.04228278516532,3.41567950225954,5.85129857704482,8.07808885346695,5.3846334319353,4.99999999999999,6.3338779915741,11.2200722208051,0.305896080692274,0.213569696182185,0.815295673074719,0.761618775166511,47.7929652415819,34.02126838166,53.1277831795348,78.5821281434995,2.31762623743317,0.852066391170306,1.45225924988531,1.1807509007496
"97",46.2752356092835,49.2471602033974,51.0427418333945,40.3866708796737,4.02392622818359,4.04752792198498,6.93656526221973,7.17627617437137,5.06861328942006,4.6217686602517,7.51689463027161,6.34556483273532,0.546026184481439,0.315114900823934,1.08943453349483,0.411342258450751,57.1910653386508,62.2002672226108,57.8980026572911,42.7715955686726,1.78619004092032,0.675860577067203,1.43206670469576,1.31929701446752
"757C",NA,36.7113705932221,54.997082145569,43.1745683796486,NA,2.20116174341137,7.14344993953495,6.24471813058691,NA,4.10441004859754,9.73803083129064,6.13690160932855,NA,0.188389049399859,1.50418460714284,0.497285798947388,NA,30.5147170728968,63.5953985748369,54.7466262467019,NA,1.01779341013106,2.08446026978405,1.33568122108709
"758A",NA,34.4193251206836,49.8391602306493,40.152858689807,NA,2.19316826135281,6.00233226103489,6.09087751391618,NA,4.11752901195765,6.71672115078768,5.51260831694451,NA,0.173829222330046,0.892675287978455,0.341879236163233,NA,28.9160040996186,42.6827281474058,50.5405054113524,NA,1.2346549998008,1.06071497604001,1.138720248712
"761A",NA,42.4803928267157,47.6019463424763,43.6975880840804,NA,3.2955958945785,6.9359498355964,7.03269624034269,NA,4.35847345278893,7.34680873588094,9.17004985214206,NA,0.281858889816539,1.30427692839513,0.553045216546102,NA,41.8687437813359,40.8921084362234,95.1383496443184,NA,1.09560034107431,2.69304179886038,0.959980816683772
"762A",NA,43.5220683262712,49.2017479211022,44.0188198051106,NA,3.40363069562463,6.73434861495868,7.03224962466688,NA,4.62165673323728,10.8617425699865,8.36374474790653,NA,0.325894928555209,1.49559257228028,0.665276020355962,NA,40.8700102912423,42.6189472955708,63.8716419108662,NA,1.30461449903518,3.18897434513173,1.50112642269954
"753B",NA,NA,39.2227234988328,41.1804451944528,NA,NA,5.72263907294802,6.81578574334744,NA,NA,4.89904203578106,7.82984631622292,NA,NA,0.835884349352195,0.593610107202028,NA,NA,72.649470642789,65.0418082509302,NA,NA,1.49744587616141,1.29087237815146
"757A",NA,NA,52.4549265072186,42.2768642458021,NA,NA,6.04065464873087,6.64037519328323,NA,NA,6.22666495043339,6.62946968493265,NA,NA,1.1044256816971,0.537070484485957,NA,NA,50.9775287906874,48.0438007848939,NA,NA,1.92631774775107,1.66912379257036
