plant_ID,strain_ID,line,exp,height1,leaf1,chloro1,height2,leaf2,chloro2,nod,nod.weight,shoot,root
982,5,A17,2,2.2,3,NA,9,8,50.7,21,0.69,0.15,0.02
1055,5,A17,2,1.1,2,NA,6.7,6,42.7,4,0.075,0.11,0.01
1076,5,A17,2,2.5,3,29,8.7,6,45.7,20,0.62,0.08,0.01
999,8,A17,2,2.8,4,NA,10,6,40,0,0,0.14,0.01
1310,8,A17,2,2,3,33.1,8.5,7,43.6,13,0.85,0.1,0.01
1359,8,A17,2,2.6,3,NA,6.8,6,41.9,7,2.5,0.06,0.02
961,9,A17,2,3,4,48.9,8.8,10,43.6,49,1.02,0.17,0.09
1094,9,A17,2,2.7,3,9.5,7.8,7,50.2,34,1.24,0.14,0.04
1453,9,A17,2,1.6,3,25.2,7.5,3,43,NA,1.62,0.07,0.01
753,10,A17,2,2.9,4,NA,8.3,5,55.4,34,1.44,0.15,0.04
807,10,A17,2,1.3,2,NA,6.4,3,42,0,0,0.02,0.01
1283,10,A17,2,6.4,4,50,13.8,17,47.6,52,1.34,0.39,0.15
1223,14,A17,2,2.4,3,NA,8.8,7,50.6,18,1.39,0.16,0.05
1434,14,A17,2,2.8,2,NA,9,6,44,14,1.06,NA,0.03
761,15,A17,2,1.3,3,NA,6.3,3,47,23,1.06,0.11,0.01
851,15,A17,2,0.3,1,NA,4.5,2,NA,9,0.99,0.04,0.01
1447,15,A17,2,4.3,3,39.7,14.3,5,44.1,25,0.67,0.1,0.07
991,16,A17,2,1.5,3,NA,6,5,48,15,0.7,0.04,0.01
993,16,A17,2,2.1,3,44.3,7.8,7,43.2,36,0.76,0.15,0.05
1123,16,A17,2,0.6,3,NA,7,7,45.3,8,1.575,0.08,0.02
771,17,A17,2,1.5,3,NA,7.5,4,45.6,15,0.73,0.13,0.01
1187,17,A17,2,2,4,46.1,8,8,51.3,32,1.24,0.12,0.03
1311,17,A17,2,2.1,3,NA,6.8,6,36.6,11,0.96,0.04,0.01
745,18,A17,2,3.2,4,NA,6.9,5,50.7,13,0.08,0.11,0.01
1234,18,A17,2,4.1,4,29.6,12.3,11,46,74,0.9,0.17,0.08
1251,18,A17,2,3,3,37.1,9.5,7,48.6,50,0.85,0.12,0.04
869,21,A17,2,1.6,3,NA,6.1,3,40.3,11,1.38,0.06,0.1
1135,21,A17,2,0.9,3,NA,5.4,4,37.7,NA,NA,0.03,0.01
841,24,A17,2,2.7,4,31.1,10.7,3,26,21,0.96,0.21,0.04
942,24,A17,2,2.1,2,NA,6,3,35.1,14,2.59,0.06,0.01
1440,24,A17,2,3.8,3,46.1,11.8,10,53.1,12,0.91,0.11,0.03
1115,26,A17,2,0.9,3,NA,6.8,6,48.1,6,0.43,0.09,0.01
1169,26,A17,2,0.8,2,NA,6.3,6,46.5,22,0.7,0.05,0.01
1464,26,A17,2,3.3,3,49.2,10.1,10,49.7,42,0.73,0.23,0.07
1069,27,A17,2,2.8,5,39.5,11.3,10,58.6,41,0.63,0.15,0.03
1134,27,A17,2,2,3,27.3,7.2,8,45.9,28,0.57,0.11,0.04
1407,27,A17,2,3.9,4,38.3,15.6,17,44.4,52,0.59,0.29,0.14
779,31,A17,2,3,4,27.4,8.3,4,43.8,0,0,0.15,0.01
874,31,A17,2,2.1,3,NA,7.1,3,51.2,12,0.51,0.1,0.01
1255,31,A17,2,2.7,3,NA,8.5,6,42.3,41,0.93,0.1,0.04
980,32,A17,2,2.3,4,30.1,10,8,46.9,12,0.48,0.11,0.01
1089,32,A17,2,1.6,3,30.2,7.2,6,46.5,22,1.49,0.1,0.02
1278,32,A17,2,1.4,4,NA,9.3,7,37.2,67,0.98,0.14,0.07
844,33,A17,2,3.5,4,42.1,12.7,5,35.5,28,2.5,0.24,0.06
910,33,A17,2,3,4,23.7,10.1,5,38.7,28,2.1,0.18,0.06
989,33,A17,2,2.9,4,41.3,11.8,11,42.1,9,0.68,0.27,0.01
796,34,A17,2,1.5,4,NA,6.4,4,42.3,23,0.1,0.11,0.01
1042,34,A17,2,1,3,NA,7,5,48.4,12,0.52,0.08,0.01
1257,34,A17,2,3.5,4,28.3,13,10,49,54,2.45,0.17,0.09
981,35,A17,2,2.9,3,52.4,15.6,16,44.9,29,1.01,0.29,0.08
1179,35,A17,2,2.8,4,24.2,8.9,9,48.8,49,0.99,0.15,0.05
1344,35,A17,2,1.3,2,NA,6.6,7,43.3,17,1.79,0.04,0.02
1114,36,A17,2,1.2,3,NA,6.8,7,44.6,27,1.41,0.1,0.02
1143,36,A17,2,3,3,38.2,8,8,48.1,38,0.76,0.15,0.07
760,38,A17,2,3.7,4,37.7,11.9,6,48,75,0.83,0.2,0.06
922,38,A17,2,2.6,3,42.1,9.1,5,51.8,3,0.6,0.13,0.01
1361,38,A17,2,4.4,5,38.8,15,23,53.9,13,0.51,0.43,0.06
1091,39,A17,2,3.3,3,30.8,10.5,10,51.5,34,1.3,0.17,0.06
1348,39,A17,2,1.7,2,NA,6.5,6,41.1,10,1.81,0.06,0.01
1442,39,A17,2,2.9,5,55.9,11.4,7,40.7,51,0.73,0.17,0.1
740,40,A17,2,1,3,NA,4.1,3,38.7,12,0.57,0.05,0.01
936,40,A17,2,1.2,3,NA,7.4,4,40.9,21,0.43,0.06,0.01
1448,40,A17,2,0.2,1,12.6,2.2,2,30.7,11,0.14,0,0.01
1138,41,A17,2,1.2,3,20.9,6.7,10,43.2,16,1.46,0.12,0.03
1284,41,A17,2,0.5,1,NA,1,2,NA,8,0.325,0.01,0.01
1338,41,A17,2,3,4,29.7,14.7,13,41.4,20,2.34,0.19,0.06
899,42,A17,2,1.5,3,NA,5.3,4,44.1,24,0.79,0.03,0.01
1193,42,A17,2,4.6,4,50.8,13.2,19,52.3,39,0.25,0.26,0.07
1314,42,A17,2,4.2,4,30.3,15.1,14,50.1,31,0.89,0.16,0.05
838,43,A17,2,2.3,3,33.9,7,4,40.9,20,1.92,0.06,0.05
957,43,A17,2,1.7,3,NA,5,3,39.1,15,1.73,0.03,0.02
1450,43,A17,2,0.6,2,10.1,1.1,1,50.6,0,0,0,0.01
1057,46,A17,2,2.9,3,31.8,11.5,13,53.5,42,0.49,0.21,0.04
1113,46,A17,2,0.5,2,NA,4.7,5,35.7,75,0.72,0.03,0.01
1410,46,A17,2,1.4,3,NA,8,7,48.8,23,0.21,0.07,0.01
1142,48,A17,2,3.1,3,33.3,10,14,54.8,58,0.69,0.21,0.13
1236,48,A17,2,1.1,3,NA,12,10,46.6,37,1.93,0.17,NA
1363,48,A17,2,3.6,4,52.4,13.2,13,55.4,23,1.17,0.27,0.06
820,53,A17,2,2.8,4,20.6,23.6,4,46.1,14,1.42,0.09,0.01
1444,53,A17,2,0.8,2,17.9,2.8,2,36.8,8,0.825,0.01,0.01
1456,53,A17,2,4.5,4,44.6,14.4,4,32.2,28,0.44,0.08,0.01
808,54,A17,2,2.6,3,27.6,8.1,4,54.1,14,0.68,0.13,0.01
1100,54,A17,2,0.6,2,NA,3.4,5,NA,0,0,0.02,0.01
1269,54,A17,2,2.4,3,NA,8,7,46.8,27,1.55,0.15,0.03
774,57,A17,2,4,4,49.6,15.1,7,40.2,26,0.78,0.32,0.02
795,57,A17,2,1.3,3,NA,6.6,6,40,8,0.9375,0.14,0.01
852,57,A17,2,3.1,4,31.3,10.5,7,50.7,28,1.74,0.24,0.06
732,59,A17,2,0.7,3,NA,6,3,38.9,1,0.3,0.07,0.04
787,59,A17,2,3.2,4,40.7,6.2,4,53.3,26,0.64,0.25,0.02
806,59,A17,2,3.5,5,39.3,13.3,9,43.3,32,0.59,0.22,0.07
895,62,A17,2,3.3,3,53.9,9.6,5,56.3,26,0,0.15,0.05
1039,62,A17,2,4.1,4,35.4,8,11,58.2,25,0,0.11,0.02
1177,62,A17,2,3.9,5,47.4,21,26,59.1,25,0,0.28,0.11
913,65,A17,2,1.8,4,NA,9.1,4,49.2,54,0.91,0.11,0.05
1419,65,A17,2,1.6,3,NA,5,6,33.4,NA,0,0.04,0.01
1462,65,A17,2,4.8,6,56.4,17.5,20,47.2,75,0.67,0.45,0.11
778,66,A17,2,4.2,6,40.4,11.7,6,52.6,47,1.03,0.34,0.11
1068,66,A17,2,3.8,5,49.1,18,19,45.3,45,1.29,0.32,0.07
1191,66,A17,2,5.3,6,39.9,22,41,55.3,59,0.12,0.5,0.11
770,67,A17,2,3.6,6,48.6,10.5,6,52,26,0.8,0.36,0.08
986,67,A17,2,3.5,5,58.5,9.5,22,46.9,36,1.84,0.36,0.14
1085,67,A17,2,1.6,3,29.9,5.8,18,51,48,1.14,0.11,0.04
739,69,A17,2,3.9,4,39.4,16.9,13,34,76,1.57,0.37,0.14
885,69,A17,2,3.1,5,38.8,9.4,10,48.6,10,0.2,0.34,0.04
1281,69,A17,2,6.3,7,52,23,38,54,82,1.46,0.72,0.27
1160,71,A17,2,3.4,5,49.3,15.5,23,52.8,15,0.66,0.3,0.12
1328,71,A17,2,6.4,6,36.3,23,23,54.3,51,0.87,0.35,0.16
1037,72,A17,2,1.5,3,12.9,7,9,49.1,46,0.69,0.12,0.11
1248,72,A17,2,3.5,4,44.1,13.4,19,49.1,60,1.01,0.38,0.16
1315,72,A17,2,4,5,47.1,13.2,19,52.2,28,0.92,0.28,0.12
843,73,A17,2,4.9,5,41,18.5,6,36.4,31,0.97,0.28,0.02
846,73,A17,2,4.8,5,48.1,17.1,8,44.8,72,0.62,0.39,0.12
1108,73,A17,2,3.8,5,34.5,12,24,54.7,79,1.63,0.4,0.15
1021,78,A17,2,4.4,5,27,12.5,24,43.2,84,1.34,0.42,0.23
1263,78,A17,2,1.9,3,32.1,7,8,46.7,52,1.32,0.13,0.08
1322,78,A17,2,4,4,40.7,18.2,13,48.1,33,0.7,0.17,0.07
756,79,A17,2,4.4,6,50.1,13.4,10,37.9,31,1.66,0.52,0.15
867,79,A17,2,3.9,5,55.1,14.8,7,42,25,0.37,0.47,0.15
1158,79,A17,2,4.3,3,54.9,15,20,51.4,28,1.66,0.38,0.18
748,80,A17,2,2.5,4,NA,8.5,4,45.9,26,0.77,0.12,0.03
757,80,A17,2,3.1,5,43.7,13.9,7,49.7,65,1.57,0.29,0.06
990,80,A17,2,5,6,46.3,19.5,35,50.3,100,0.66,0.64,0.15
926,82,A17,2,1.7,4,NA,8.3,4,51.4,21,0.81,0.08,0.01
1268,82,A17,2,1.3,2,NA,7.4,6,50,29,0.55,0.11,0.01
1276,82,A17,2,3.1,4,28.1,9.5,11,42,44,0.31,0.13,0.01
1195,83,A17,2,4.6,6,36.2,18,22,54.3,36,0.65,0.31,0.07
1259,83,A17,2,2.5,3,43.9,13,15,41.4,66,1.65,0.24,0.09
734,84,A17,2,4.2,5,37,12.3,8,44.8,47,1.31,0.3,0.15
925,84,A17,2,1.5,2,NA,9.9,4,50.2,18,0.91,0.08,0.02
1222,84,A17,2,2.4,3,42.9,14,14,54.9,38,1.31,0.28,0.13
780,85,A17,2,3.6,5,28.4,12.4,6,49,0,0,0.27,0.07
1209,85,A17,2,3.8,7,35.7,12.2,19,50.9,131,0.83,0.29,0.1
1412,85,A17,2,3,4,46.9,14,14,45.5,17,0.3,0.22,0.07
835,86,A17,2,2.5,4,30.6,8.2,4,49.2,42,0.3,0.11,0.02
871,86,A17,2,2.9,5,42.3,13.6,6,54.7,88,0.53,0.4,0.13
1362,86,A17,2,2.5,3,41,13.5,11,48.1,26,0.51,0.19,0.03
1153,87,A17,2,2.1,4,42,8,11,54.1,37,0.82,0.17,0.02
1366,87,A17,2,3.6,4,25.2,12.2,22,50.4,11,0.28,0.41,0.09
1414,87,A17,2,3.9,5,48.2,10.8,16,39.1,41,0.32,0.3,0.11
817,88,A17,2,2.3,4,NA,8,4,42.8,22,1.39,0.07,0.02
1226,88,A17,2,4.5,5,36.4,16.8,23,50.2,104,0.93,0.46,0.24
1375,88,A17,2,3.7,5,47.4,13.6,13,44,89,1.23,0.24,0.12
786,89,A17,2,4.2,5,38.9,20.5,11,56.5,47,0.54,0.28,0.06
873,89,A17,2,3.1,7,47,12.7,5,52.1,134,0.43,0.42,0.14
1062,89,A17,2,2.3,3,23.4,9,7,55.1,35,1.34,0.14,0.01
827,92,A17,2,1.3,3,25.2,7.8,5,42.2,32,1.07,0.1,0.01
1034,92,A17,2,3.6,5,39.8,10.8,15,51.3,56,1.61,0.37,0.17
1409,92,A17,2,5.6,5,38.8,20,21,58.8,98,0.75,0.41,0.12
1396,93,A17,2,3.5,5,38.4,14,12,43.9,29,0.79,0.19,0.02
1422,93,A17,2,4.3,5,46.7,16.5,14,54.6,43,0.72,0.22,0.09
1432,93,A17,2,2.6,5,37.7,12.7,12,44.6,23,0.86,NA,0.03
996,97,A17,2,3.8,4,66.5,17.8,18,53.5,53,0.69,0.33,0.16
1266,97,A17,2,3.6,4,32,17.1,13,53.1,60,1.18,0.25,0.08
1467,97,A17,2,5.2,6,55.9,20,26,49,107,0.55,0.4,0.14
1228,101,A17,2,1.1,2,NA,7,7,47.7,23,1.09,0.14,0.04
1274,101,A17,2,1.5,3,NA,7.3,8,45.2,27,0.29,0.12,0.05
1294,101,A17,2,0.4,2,NA,4.9,5,42.2,0,0,0.02,0.01
1059,114,A17,2,2.9,5,49.1,16.4,22,56.5,27,0.96,0.38,0.13
1173,114,A17,2,2.8,4,36.4,9.8,12,55.2,49,0.74,0.24,0.03
1216,114,A17,2,4,4,53.2,11.8,12,47,54,1.05,0.39,0.1
1025,121,A17,2,4,5,34.6,12,13,48.3,54,0.67,0.18,0.07
1044,121,A17,2,2.2,3,NA,12,8,50.2,32,0.51,0.11,0.02
1125,121,A17,2,3.7,5,44.5,11,20,53.4,16,1.01,0.29,0.14
834,123,A17,2,1.6,3,41.7,5.5,4,50.1,18,0.72,0.06,0.01
1093,123,A17,2,2.8,4,15.1,8,8,45.1,2,4,0.13,0.07
1243,123,A17,2,1.6,3,NA,4.5,5,34.2,27,0.34,0.04,0.01
1262,141,A17,2,3.4,3,41.4,10,10,57.9,60,1.27,0.18,0.07
1334,141,A17,2,5.3,4,36.8,21.6,19,54.5,32,1.49,0.35,0.17
1381,141,A17,2,1.3,3,NA,9,7,44.5,35,1.56,0.09,0.08
829,142,A17,2,4,5,46.9,15.9,5,47.2,65,1.39,0.25,0.01
1077,142,A17,2,3.7,4,36.6,10.6,10,51.5,29,2.49,0.2,0.04
1186,142,A17,2,2.5,3,43.7,12,9,54.6,19,1.14,0.13,0.03
930,145,A17,2,1.7,3,NA,5.9,3,31.8,26,0.24,0.02,0.01
1352,145,A17,2,4.7,5,30.5,13,10,29.3,93,0.65,0.1,0.15
891,146,A17,2,0.6,2,NA,6,3,54.2,17,0.48,0.06,0.01
964,146,A17,2,6.4,7,49.3,22,35,57,94,0.76,0.61,0.21
1289,146,A17,2,4.8,6,40.9,19.1,26,51.8,43,0.72,0.5,0.13
965,154,A17,2,3.3,4,48.1,9.4,9,52.4,55,1.37,0.17,0.08
1132,154,A17,2,4.5,5,37.7,23,28,53.6,68,0.63,0.45,0.14
804,157,A17,2,3.1,4,36.8,8.7,4,51.4,38,1.08,0.11,0.04
831,157,A17,2,3.9,5,38.3,14.8,7,57.8,97,0.67,0.25,0.05
865,157,A17,2,4,5,42.8,11.5,7,43.7,41,0.57,0.35,0.12
856,169,A17,2,4.3,4,39,10.6,5,46.1,46,2.24,0.3,0.05
1246,169,A17,2,2.3,4,46.5,10.1,13,34.9,90,1.22,0.21,NA
1323,169,A17,2,5.4,5,33.5,21.5,22,52.9,41,1.12,0.39,0.14
853,174,A17,2,4.5,8,48.4,16,14,55.6,63,1.39,0.51,0.2
1104,174,A17,2,4,4,49.2,9.8,16,50,99,0.95,0.3,0.12
1454,174,A17,2,3.7,5,40,12.1,6,44.3,74,0.53,0.18,0.05
1014,177,A17,2,3.4,5,41.8,21.2,26,50.1,71,0.62,0.49,0.24
1097,177,A17,2,4.6,5,27.4,16.6,22,42.1,147,1.6,0.41,0.17
775,182,A17,2,4.9,7,30.3,19.6,9,55.5,31,1.17,0.53,0.11
798,182,A17,2,3.4,3,37.4,15.5,5,44,38,1.04,0.19,0.05
1471,182,A17,2,3,4,56.6,18,23,58.1,73,1.2,0.34,0.11
847,183,A17,2,0.9,2,NA,5.6,3,37.2,27,0.83,0.08,0.02
918,183,A17,2,3.5,4,40.8,11.3,11,56.7,50,1.91,0.31,0.05
1355,183,A17,2,5.8,8,41.6,23,34,54.5,51,1.98,0.65,0.23
931,184,A17,2,2.1,3,41,12.6,7,48.1,24,1.01,0.17,0.04
1256,184,A17,2,3.3,4,57.8,16,21,40.1,46,1.09,0.36,0.13
1466,184,A17,2,4.6,5,56.6,20,32,53.1,58,1.98,0.51,0.16
721,189,A17,2,3.8,6,39.6,15.2,9,46.2,68,1.26,0.22,0.08
876,189,A17,2,2.8,3,47,7.4,7,46,104,0.87,0.25,0.12
1458,189,A17,2,4.3,4,39.1,11.1,6,42.8,61,1.15,0.18,0.06
1287,191,A17,2,3.4,4,44.8,13,15,47.5,84,1.61,0.31,0.12
1320,191,A17,2,3.6,4,40.6,15.5,16,59.2,22,0.76,0.21,0.07
1438,191,A17,2,5.1,5,51.4,20.2,23,52.5,15,0.7,0.39,0.14
833,194,A17,2,3.5,4,46.3,10.9,7,42.7,81,0.55,0.13,0.02
1232,194,A17,2,2.2,3,49.3,9,12,30,82,0.75,0.18,0.13
1392,194,A17,2,2.1,2,26,7,6,45.8,15,0.38,0.09,0.01
758,199,A17,2,3.8,5,47,16.3,12,53.2,81,0.61,0.47,0.14
850,199,A17,2,3.2,5,44.6,15.2,7,57.4,58,0.76,0.23,0.08
976,199,A17,2,3.6,4,40.6,15,24,52.7,49,1.35,0.39,0.13
749,200,A17,2,2.5,4,42.3,7.2,5,45.3,NA,1.25,0.19,0.18
824,200,A17,2,3.9,4,46.7,11.9,5,50.3,35,1.46,0.17,0.01
1238,200,A17,2,2.6,5,53.8,11.5,14,38.4,101,1.41,0.31,0.18
836,201,A17,2,0.9,3,NA,5.1,4,40.3,23,0.57,0.03,0.03
1078,201,A17,2,2.2,4,34.2,10,9,52.9,27,0.38,0.14,0.01
1390,201,A17,2,2.8,4,48.7,8,11,58.5,34,0.82,0.13,0.01
746,204,A17,2,3.1,4,49.1,7.8,6,48.1,9,1.08,0.19,0.08
1141,204,A17,2,4.1,5,57.5,18,28,48.3,71,0.73,0.43,0.23
1151,204,A17,2,3.5,5,47,14.4,15,56.7,30,0.52,0.21,0.02
872,205,A17,2,4.2,5,42.8,14.2,7,55,76,0.75,0.32,0.14
985,205,A17,2,4.6,7,44.5,16.5,31,53.8,104,1.18,0.59,0.24
1300,205,A17,2,3.5,4,55.8,19.1,22,55.9,70,0.69,0.37,0.11
1129,206,A17,2,2.2,5,30.1,7,11,49.4,29,1.14,0.11,0.06
1364,206,A17,2,1.7,5,22.5,6.5,8,47.6,52,0.16,0.17,0.03
1436,206,A17,2,3.1,5,34.1,15,12,36.2,34,1.58,0.2,0.12
1144,209,A17,2,4.1,6,34.2,9,22,50.7,48,0.78,0.23,0.13
1402,209,A17,2,3.7,4,39.2,14.6,11,49.9,49,0.84,0.14,0.06
877,215,A17,2,4.4,12,42.8,22.6,17,58.8,58,1.02,0.76,0.26
1258,215,A17,2,3.4,5,41.8,15.5,15,52,75,1.21,0.3,0.12
1332,215,A17,2,3.4,4,41.7,13.4,12,51.4,46,1.01,0.16,0.09
726,216,A17,2,1.5,3,NA,4.7,5,39.2,22,0.93,0.07,0.04
888,216,A17,2,3.6,5,48.1,9.4,8,56.1,24,0.78,0.29,0.03
1441,216,A17,2,5.2,6,48,18.9,11,55.4,75,1.44,0.23,0.12
737,219,A17,2,1.8,4,34.1,6.1,5,36.7,85,0.34,0.11,0.02
862,219,A17,2,3,4,48.4,10.5,5,36.8,58,0.55,0.24,0.11
1007,219,A17,2,5.2,5,40.7,19.5,30,58.1,36,0.8,0.48,0.26
1073,219,A17,2,2.7,5,43,7.7,14,46.5,105,0.39,0.21,0.07
765,220,A17,2,1.9,5,20.3,7.3,3,50.7,36,0.95,0.16,0.08
840,220,A17,2,3.2,6,45,13.6,7,52.3,48,1.37,0.2,0.07
974,220,A17,2,7.4,13,50.7,25,57,58.9,65,1.2,1.02,0.31
1250,220,A17,2,1.3,2,NA,6.3,7,44.4,28,0.8,0.12,0.04
855,221,A17,2,1.4,3,NA,7.9,4,32.2,10,0.92,0.12,0.01
928,221,A17,2,3.2,3,40.2,13.7,6,57.8,3,0.1,0.23,0.01
1003,221,A17,2,2.1,4,31.2,9,9,54.3,21,1.14,0.13,0.11
1149,221,A17,2,4.8,5,55.5,22,35,58.2,56,0.77,0.6,0.16
764,225,A17,2,0.5,5,NA,4,5,29.8,82,0.21,0.09,0.01
768,225,A17,2,3.2,4,40.6,9.5,4,31.4,62,0.27,0.07,0.02
968,225,A17,2,3.9,4,44.8,16.2,17,54.9,53,1.18,0.21,0.12
1298,225,A17,2,2.8,4,19.8,10.1,7,27.2,59,NA,0.03,0.01
791,230,A17,2,3.9,5,46.6,15.7,7,53.1,66,1.05,0.31,0.1
811,230,A17,2,3.6,5,39.5,14.9,7,47.9,19,0.67,0.19,0.02
1273,230,A17,2,2.9,3,34,9.4,8,45.1,56,0.92,0.18,0.07
1426,230,A17,2,3.3,4,54.2,11.5,12,47.4,45,1.13,NA,0.05
781,231,A17,2,5,8,NA,21.5,14,45.4,45,1.85,0.69,0.11
882,231,A17,2,2.4,3,6.5,5.3,3,33.6,14,0.23,0.06,0.01
1182,231,A17,2,3.2,5,28.6,12.4,11,50.7,18,0.63,0.14,0.06
1307,231,A17,2,4.6,6,52,19.6,24,55.8,11,14.2,0.38,0.1
1029,238,A17,2,3.5,6,54.8,12.5,24,52.1,64,0.58,0.39,0.11
1087,238,A17,2,1.8,4,29.6,12,7,42.5,23,0.66,0.23,0.07
1358,238,A17,2,3.1,2,49.1,10,11,53.8,36,1.2,0.16,0.07
784,242,A17,2,3.2,4,31.2,15.4,6,42.1,52,0.96,0.22,0.05
1139,242,A17,2,3.1,3,38.5,12,11,57.5,44,0.35,0.2,0.08
1336,242,A17,2,3.5,4,45.9,10.2,10,50.4,29,0.88,0.18,0.07
725,245,A17,2,3.2,5,40.3,13.3,8,41.3,34,0.89,0.19,0.08
731,245,A17,2,5.1,6,45.9,13.9,7,49.6,41,1.12,0.25,0.03
1013,245,A17,2,1.9,3,37.2,5,6,38.9,26,0.36,0.08,0.05
1312,245,A17,2,3.6,5,53,12.2,13,54.8,26,1.63,0.18,0.05
940,246,A17,2,2,4,30.4,8.5,5,49.6,36,1.09,0.14,0.06
1227,246,A17,2,4.4,4,54.4,11,12,52,51,1.69,0.27,0.15
1230,246,A17,2,3.7,5,62.8,15,18,44.6,26,0.4,0.36,0.12
1468,246,A17,2,4.1,4,52.8,15.8,16,52.9,100,0.84,0.29,0.1
762,247,A17,2,2.5,3,40.1,9.1,4,46.6,54,0.17,0.19,0.01
792,247,A17,2,4.3,5,45.6,14,7,53.4,41,0.62,0.28,0.02
950,247,A17,2,1.3,3,NA,8.6,3,47.1,26,1.09,0.1,0.02
1421,247,A17,2,3.8,4,47.8,12,13,41.5,52,1.42,0.22,0.12
1053,248,A17,2,2.6,4,36.9,10.7,12,58.1,29,0.95,0.32,0.04
1064,248,A17,2,4.3,5,32.2,13.8,18,57.5,52,1.48,0.29,0.05
1178,248,A17,2,2.8,4,54.8,11.8,16,59.3,85,1,0.22,0.09
1229,248,A17,2,4.5,4,47.7,16,22,45.6,31,0.43,0.43,0.18
960,258,A17,2,4.8,6,50.1,16.6,10,28.8,26,0.54,0.35,0.12
1010,258,A17,2,2.6,4,49.2,9.5,12,47.3,59,0.91,0.18,0.06
1345,258,A17,2,5.2,6,31.5,19.1,21,43.3,41,1.82,0.36,0.16
1373,258,A17,2,3.4,4,36.6,11,14,52.7,64,1.2,0.22,0.14
911,259,A17,2,3.1,5,50.3,9.6,5,56.1,88,0.91,0.18,0.06
979,259,A17,2,1.5,3,NA,8.5,7,49.9,26,1.15,0.14,0.04
1005,259,A17,2,4.7,6,45.6,15.8,21,53.3,66,0.63,0.33,0.17
730,261,A17,2,5,6,41.2,19.1,10,49.8,49,1.11,0.28,0.13
794,261,A17,2,3.1,5,43.5,10.4,9,50.7,126,0.84,0.32,0.09
1380,261,A17,2,3.1,5,29.9,15.5,12,41.6,47,0.16,0.13,0.1
1427,261,A17,2,3.8,4,35.5,16,21,52.2,68,1.46,0.24,0.07
908,276,A17,2,1.9,3,30.5,5.1,6,51.8,0,0,0.17,0.01
970,276,A17,2,3.8,4,41.9,10,15,44.3,73,0.8,0.2,0.07
1197,276,A17,2,2.9,4,36.4,8.8,13,46.8,46,0.94,0.15,0.12
1342,276,A17,2,3.7,5,51.1,12,18,47.8,88,1.21,0.38,0.14
790,277,A17,2,4.4,5,32.1,14.6,5,48.4,27,0.91,0.23,0.07
945,277,A17,2,3.9,6,37.8,17.8,6,55.3,15,1.03,0.24,0.04
793,278,A17,2,3,4,40.5,9.1,5,46.8,47,1.15,0.21,0.01
870,278,A17,2,2.2,3,20.5,9,3,36.1,63,0.64,0.13,0.04
1048,278,A17,2,3.9,6,52.1,18.8,24,47.3,17,0.71,0.37,0.08
1176,278,A17,2,4.9,6,29,19.7,23,57.5,80,1.56,0.37,0.11
1018,281,A17,2,3.2,4,35.6,8.6,16,55.3,27,0,0.19,NA
1032,281,A17,2,3.1,3,37.7,14,17,55.3,22,0,0.21,0.08
1128,281,A17,2,5.4,6,46.3,20,31,62.3,27,0,0.37,0.11
901,283,A17,2,5.1,6,43.9,17.8,7,51.7,54,1.76,0.2,0.08
988,283,A17,2,3.2,4,40.7,12,13,44.3,63,1.88,0.25,0.13
1203,283,A17,2,2,4,NA,8,7,42.4,33,1.27,0.11,0.02
1388,283,A17,2,3.3,3,44.4,9.2,8,45.5,5,0.12,0.12,0.01
1035,285,A17,2,3.4,4,35.4,15,14,52.7,17,3.94,0.23,0.09
1083,285,A17,2,4.1,5,31.2,16.7,17,51.5,33,7.18,0.44,0.18
1224,285,A17,2,4.1,4,40.7,16,16,56.8,14,3.5,0.27,0.13
1372,285,A17,2,3.1,4,38.8,8.5,10,39.2,22,5.27,0.17,0.09
1184,286,A17,2,2.2,4,36.9,16,16,53.8,18,1.19,0.16,0.04
1189,286,A17,2,2.8,4,35.7,9,11,56.2,31,1.22,0.15,0.05
1194,286,A17,2,2.5,3,43.8,11.1,17,45,40,1.58,0.23,0.05
1196,286,A17,2,0.8,2,NA,7,5,43.7,36,0.66,0.04,0.02
728,303,A17,2,4.1,5,37.7,13.5,7,32.4,25,0,0.12,0.04
902,303,A17,2,3,3,46.6,10.3,6,34.3,23,0,0.08,0.02
1353,303,A17,2,3.6,4,45.1,8.5,8,34.4,24,0,0.06,0.02
1469,303,A17,2,4.5,5,37.2,18,11,42.2,133,0.35,0.12,0.06
1012,313,A17,2,2.4,2,NA,11.1,11,40.9,45,0.67,0.15,0.04
1080,313,A17,2,2.8,3,50.8,9.2,9,48.2,36,1.76,0.14,0.04
1145,313,A17,2,1.8,3,33.2,8.4,8,51.2,25,0.72,0.12,0.04
1218,313,A17,2,3.9,4,46.4,13,17,50.8,112,1.15,0.41,0.15
881,317,A17,2,2.5,3,NA,7.4,3,52.7,22,1.26,0.12,0.03
912,317,A17,2,3.5,6,60.9,12.5,9,56.3,3,0.63,0.39,0.04
1249,317,A17,2,3.2,5,52.5,12,21,50.3,38,1.54,0.33,0.07
1331,317,A17,2,4.7,5,37.7,20,20,48.8,49,0.6,0.4,0.18
978,318,A17,2,6.6,7,56.5,17.4,27,41.5,68,2.87,0.4,0.12
983,318,A17,2,2.3,4,30.1,10.1,11,44.4,58,1.13,0.21,0.07
1096,318,A17,2,2.7,4,27,10.5,12,43,90,0.92,0.19,0.09
1168,318,A17,2,4.5,5,41.4,18,23,60.7,77,0.81,0.36,0.18
815,319,A17,2,3.8,5,48.4,20.9,7,47.9,18,5.62,0.25,0.01
1071,319,A17,2,4,4,35.6,14.5,7,40.8,25,0.84,0.1,0.03
1231,319,A17,2,4.5,8,47.1,16.5,31,48.3,50,5.37,0.56,0.22
1319,319,A17,2,2.9,5,40.6,10.6,8,39.8,11,3.43,0.08,0.05
1126,320,A17,2,3.5,5,35.7,16.2,19,59.3,17,0.54,0.31,0.16
1285,320,A17,2,3.7,4,57.1,12,16,50.3,98,1.32,0.38,0.14
1321,320,A17,2,5.4,4,42.1,19,16,53.6,51,1.73,0.25,0.11
1401,320,A17,2,4.4,6,45.8,20,23,46.3,89,0.53,0.37,0.13
906,322,A17,2,2.2,3,25.1,8.5,4,53.6,19,1.27,0.11,0.03
1280,322,A17,2,3.8,8,58.8,13.2,26,54,81,0.49,0.56,0.32
1343,322,A17,2,5.2,4,48.6,16,20,53.7,86,0.68,0.35,0.14
744,325,A17,2,2.6,4,40.2,8.8,6,54.1,46,1,0.18,0.09
1162,325,A17,2,2.3,4,29.5,10,9,51.4,62,0.46,0.19,0.02
1198,325,A17,2,1.8,3,40.2,7.5,9,53.7,12,0.74,0.09,0.03
966,335,A17,2,2.4,4,30.1,8,6,42.2,81,0.51,0.06,0.06
1369,335,A17,2,2.8,4,23.9,12.5,9,36.4,68,0.75,0.11,0.03
1460,335,A17,2,4.2,6,52.3,16.7,14,45.4,134,0.58,0.27,0.12
1461,335,A17,2,4.1,4,49.6,9.5,12,46,82,1.55,0.19,0.09
1011,336,A17,2,3.6,4,37.8,10,9,51.6,44,1.36,0.16,0.07
1067,336,A17,2,3.2,5,35.9,16.7,19,59.6,43,2.88,0.27,0.06
1148,336,A17,2,4.2,5,41.4,17.3,18,50.2,70,0.4,0.24,0.1
1377,336,A17,2,4.2,4,27.6,11.5,16,47.3,24,0.62,0.3,0.12
738,342,A17,2,0.3,3,NA,5.8,5,41.9,29,0.74,0.07,0.02
1030,342,A17,2,4.1,6,57.6,18.4,36,40.9,103,0.43,0.63,0.25
1136,342,A17,2,2.3,5,28.3,7.8,8,53.3,40,2.5,0.17,0.07
1188,342,A17,2,0.6,3,20.2,7.3,8,48.7,23,0.62,0.09,0.04
733,358,A17,2,2.2,5,32.9,12.7,7,49.1,34,1.1,0.19,0.05
823,358,A17,2,1.2,3,NA,6.8,3,43.7,11,1.57,0.04,0.01
864,358,A17,2,0.3,2,NA,4.7,2,39.8,24,0.87,0.05,0.01
1133,358,A17,2,3.9,5,41.1,15.8,23,60.1,69,1.22,0.27,0.14
763,372,A17,2,3.7,5,53.7,11.4,5,47.1,45,2.17,0.32,0.12
1084,372,A17,2,2.9,5,45.2,12.5,7,52.1,62,0.91,0.24,0.08
1292,372,A17,2,4.7,8,35,19,37,53.7,117,1.1,0.65,0.18
1463,372,A17,2,3.5,4,47.3,16,16,42.1,52,1.13,0.27,0.07
935,373,A17,2,2.9,6,43.8,14.1,7,29.1,4,0.225,0.11,0.05
1339,373,A17,2,2.4,4,NA,4.3,6,43.4,0,0,0.01,0.01
984,382,A17,2,4,5,50.3,19.5,30,46.5,104,1.17,0.5,0.21
1171,382,A17,2,4.2,5,52.8,18,27,54.3,93,0.76,0.48,NA
1181,382,A17,2,4.3,4,35.1,17.9,18,58.1,43,1.56,0.26,0.06
1324,382,A17,2,4,4,22.6,15,13,51.7,33,1.04,0.2,0.06
924,384,A17,2,4.5,4,50,18.6,9,55.9,6,0.35,0.25,0.03
1140,384,A17,2,2.9,4,40.1,13.8,18,48.3,33,0.71,0.31,0.11
1242,384,A17,2,3,4,53,12.2,16,53.5,32,2.06,0.39,0.08
1411,384,A17,2,5.5,5,34.3,20.4,17,47.7,82,0.46,0.29,0.15
743,386,A17,2,4.8,5,43.1,16.8,12,45.1,21,3.3,0.44,0.13
967,386,A17,2,4.2,5,31.8,12.5,8,28.4,6,NA,0.06,0.04
1217,386,A17,2,3.9,6,40.8,16,9,37.1,NA,NA,0.04,NA
1277,386,A17,2,2.5,4,21.3,4.8,5,14.4,0,0,0.01,0.01
929,406,A17,2,2.8,3,50.3,8.8,6,53.4,13,1.44,0.15,0.01
938,406,A17,2,2.2,4,48.8,8.3,4,56.7,27,1.44,0.16,0.05
1017,406,A17,2,4,5,39,12,19,44.6,124,0.91,0.26,0.13
1215,406,A17,2,3,4,40.5,8,8,35.3,39,1.31,0.16,0.03
934,409,A17,2,4.3,5,43.3,15.9,6,54.7,0,0,0.18,0.01
1050,409,A17,2,3.8,5,46.6,18,20,58.6,64,0.75,0.37,0.07
1167,409,A17,2,2.1,3,45.2,10,16,51.4,38,1.68,0.18,0.08
1354,409,A17,2,2.3,3,NA,9,8,45.6,13,1.54,0.16,0.04
883,417,A17,2,2,4,42.7,7.6,7,49,16,0.9,0.18,0.04
1075,417,A17,2,2.1,3,27.5,9,11,53,20,2.29,0.19,0.04
1286,417,A17,2,1.8,4,30.1,13,12,47.7,80,2.72,0.27,0.1
1384,417,A17,2,2.9,4,42.3,10.5,12,48.4,18,0.32,0.17,0.01
887,420,A17,2,3,4,41.9,10.7,6,45.3,7,0.59,0.17,0.04
1038,420,A17,2,3.4,4,41.2,14.3,18,52.7,72,0.91,0.33,0.12
1052,420,A17,2,3.1,5,37.3,18,15,52.7,36,0.26,0.26,0.02
1117,420,A17,2,3.6,5,25.3,15,18,52.7,75,0.78,0.29,0.12
880,421,A17,2,3,3,32.7,7,5,41.1,75,1.41,0.14,0.03
1237,421,A17,2,1.2,5,48.5,6,8,52.3,32,1.06,0.17,0.13
1270,421,A17,2,1.9,2,NA,7.6,6,45.6,44,0.93,0.07,0.03
1445,421,A17,2,4.6,5,30.2,18.6,8,34.4,20,0.76,0.15,0.07
889,422,A17,2,4,6,50.4,16.5,9,59.9,26,1.42,0.37,0.05
916,422,A17,2,3.3,4,47.1,12.8,16,54.2,51,1.22,0.2,0.07
1006,422,A17,2,2.4,3,48,9,12,50.3,26,0.94,0.19,0.12
1225,422,A17,2,3.6,5,39.6,9.8,14,46.4,84,2.63,0.36,0.16
759,486,A17,2,3.7,5,41,9.5,6,29.9,1,0,0.08,0.05
1051,486,A17,2,3.3,5,35.5,5.5,8,26.7,0,0,0.02,0.01
1297,486,A17,2,3.9,5,37.5,14.8,11,51.9,11,NA,0.16,0.04
1394,486,A17,2,1.2,3,43,3.8,4,28.6,0,0,0,0.01
812,498,A17,2,4.3,5,29.3,15.6,7,49.6,36,1.41,0.27,0.07
1024,498,A17,2,2.8,6,35.2,12.5,17,49.6,48,0.51,0.26,0.09
1241,498,A17,2,3,4,51.3,10,15,47.4,53,2.19,0.23,0.1
1333,498,A17,2,6.5,5,48.1,22.2,20,54.1,64,1.39,0.3,0.13
766,508,A17,2,4.2,9,37.8,16.5,8,50.5,44,0.48,0.32,0.1
958,508,A17,2,3.3,4,38.4,10.4,6,54.6,44,0.74,0.21,0.09
1086,508,A17,2,2.6,5,41.1,13.5,14,52.4,101,1.66,0.27,0.11
1413,508,A17,2,3,5,40.4,14.2,17,55.2,0,0,0.33,0.06
736,513,A17,2,3.9,5,45.4,14.1,8,52.1,39,0.85,0.26,0.09
900,513,A17,2,2.6,4,42.5,12.3,8,51.9,NA,NA,0.21,NA
1099,513,A17,2,5.8,5,43.1,19.8,26,49.6,35,0.47,0.45,0.11
890,514,A17,2,3.6,4,38.1,9.4,5,46.9,36,1.24,0.25,0.06
1118,514,A17,2,2.5,3,37.8,14,20,52.2,41,1.6,0.27,0.03
1152,514,A17,2,2.9,4,54.6,11.3,14,57.1,20,0.32,0.23,0.01
1305,514,A17,2,4.1,3,57.5,11.2,16,48.9,28,14.6,0.2,0.06
892,522,A17,2,4.1,5,43.6,22.7,11,49.2,13,3.33,0.5,0.06
932,522,A17,2,3.3,3,46.7,9.5,5,50.5,2,9,0.15,0.05
959,522,A17,2,1.6,2,42.5,5.5,3,32.5,9,2.07,0.04,0.03
1004,522,A17,2,3.5,4,37.5,13.5,21,47.5,24,4.56,0.22,0.15
777,523,A17,2,2.8,4,39.7,11.6,4,49.9,30,0.85,0.19,0.01
946,523,A17,2,3.7,5,42.4,18.1,8,50.9,21,1.94,0.28,0.06
1043,523,A17,2,3.3,4,47.6,7,14,47.2,51,0.75,0.24,0.07
814,524,A17,2,5.3,7,49.1,21.8,7,55,30,1.33,0.38,0.04
1009,524,A17,2,4.1,4,51.1,13.4,21,56.4,49,1.4,0.28,0.11
1190,524,A17,2,3.3,5,55.2,12.8,19,43.8,33,1.34,0.2,0.06
1296,524,A17,2,3.4,5,43.8,16.6,19,53.7,131,1.39,0.3,0.14
751,525,A17,2,3.9,3,36.1,9.3,6,39.9,34,1.19,0.26,0.09
1124,525,A17,2,4.1,6,36.5,17.2,28,57.3,26,2.1,0.46,0.16
1163,525,A17,2,0.5,2,NA,4,7,50.9,27,0.67,0.05,0.01
1395,525,A17,2,3.7,5,41.6,18,18,47.7,69,0.72,0.32,0.07
842,526,A17,2,4.1,6,52.9,18.8,7,33,34,0.81,0.35,0.11
879,526,A17,2,2.4,3,28.6,7.3,5,39.7,43,0.78,0.15,0.03
1154,526,A17,2,4.3,5,38.2,22,33,49.3,46,1.24,0.52,0.2
1389,526,A17,2,3.1,4,39.6,12,13,53.2,12,0.82,0.23,0.01
805,530,A17,2,4.6,6,40.2,18.1,7,50.8,46,0.38,0.27,0.09
859,530,A17,2,5.2,6,40.8,17.2,10,52.2,44,0.7,0.41,0.1
915,530,A17,2,3,4,47.4,9.5,5,35.1,54,1.46,0.21,0.06
919,530,A17,2,3.3,4,41.7,11.5,6,58,37,0.32,0.19,0.04
987,533,A17,2,4.9,5,58.5,21,20,49.9,58,0.51,0.4,0.17
1000,533,A17,2,3.5,5,41.6,14.5,18,51,43,2.23,0.37,0.1
1157,533,A17,2,3.1,5,43.4,11.6,25,60.9,43,1.7,0.31,0.15
1211,533,A17,2,4.2,5,41.9,13.5,18,48.8,99,1.17,0.37,0.13
754,539,A17,2,3.7,4,39.9,11.9,6,54.5,34,0.97,0.16,0.06
1036,539,A17,2,4,4,45.2,13.6,19,47.6,63,0.81,0.37,0.16
1161,539,A17,2,3.2,4,46.7,13.5,20,58.9,32,0.91,0.27,0.08
1400,539,A17,2,2.1,4,52.1,10,13,43.6,27,0.65,0.19,0.01
1081,540,A17,2,2.8,3,39.7,16,13,52,82,1.77,0.26,0.09
1327,540,A17,2,2.4,3,38.7,7.5,8,44.4,22,1.82,0.12,0.09
1347,540,A17,2,4.4,5,33,19,23,46.7,53,1.42,0.38,0.11
1368,540,A17,2,3.6,5,53.2,14,14,57.2,31,0.92,0.21,0.11
813,541,A17,2,4.5,6,42.5,18.9,6,55.5,31,1.09,0.3,0.04
868,541,A17,2,4.1,7,45.3,12.5,10,40.8,84,0.8,0.44,0.14
1112,541,A17,2,3.3,5,43.4,16.8,23,55.9,79,1.16,0.36,0.13
1204,541,A17,2,4.5,4,44.7,17,18,48.8,63,1.67,0.3,0.07
947,557,A17,2,3.1,4,39.7,8.5,4,32.6,0,0,0.05,0.04
973,557,A17,2,4.2,4,40.1,11,13,50.2,101,0.94,0.15,0.11
998,557,A17,2,3.4,4,38.5,4.6,7,31.2,0,0,0.02,0.06
1318,557,A17,2,3.5,4,42.5,14.6,12,50,12,1.98,0.2,0.06
1058,117B,A17,2,4,6,41.8,14.5,12,37.1,112,0.43,0.15,0.04
1072,117B,A17,2,2.9,4,40.7,15.6,9,42.9,51,0.28,0.12,0.01
1431,117B,A17,2,3.5,5,24.7,7.8,6,35.1,47,0.69,0.05,0.04
1063,144A,A17,2,2.1,4,20.1,8.2,8,49.6,79,1.01,0.11,0.01
1164,144A,A17,2,3.2,5,47.5,17,23,54.6,58,0.85,0.34,0.09
1337,144A,A17,2,5.8,5,50.3,20.5,27,51.8,56,0.77,0.53,0.14
907,144B,A17,2,4.5,4,52.8,18.3,7,44.1,22,0.99,0.34,0.06
1165,144B,A17,2,4.5,6,59.3,13.6,22,58.8,79,0.47,0.3,0.14
1317,144B,A17,2,5.2,4,49.1,20.8,21,49.8,14,0.47,0.34,0.05
1408,144B,A17,2,6.2,6,43.9,24,33,50.4,43,0.39,0.6,0.2
975,148A,A17,2,4.3,5,41.6,13,20,57.1,105,1.36,0.27,0.13
1423,148A,A17,2,3.2,4,41,15,15,49.4,27,1.45,0.25,0.02
884,148B,A17,2,2.5,4,NA,7.4,4,50.1,14,0.91,0.1,0.02
954,148B,A17,2,2.5,3,37.4,9.6,3,60.6,45,0.8,0.15,0.06
992,148B,A17,2,3.2,3,36.9,10.2,9,45.1,62,1.78,0.21,0.06
816,158A,A17,2,4.5,11,31.8,15.6,15,47.6,37,0.77,0.4,0.08
937,158A,A17,2,3.4,4,44.4,14.7,8,56.1,23,1.25,0.3,0.04
1155,158A,A17,2,5,7,38.8,24,36,52.5,33,2.04,0.54,0.22
1219,158B,A17,2,4.1,4,41.7,15.3,21,56.7,58,0.92,0.33,0.11
1240,158B,A17,2,4.9,4,44.4,20,21,53.4,65,1.89,0.46,0.09
1391,158B,A17,2,3.5,7,48.2,15,21,53.2,58,1.22,0.36,0.06
819,176A,A17,2,6.1,5,50.8,10.7,12,59.1,23,0.87,0.56,0.06
1008,176A,A17,2,2.2,4,27.1,18.5,8,49.5,35,1.03,0.13,0.06
1290,176A,A17,2,4,5,40,16.1,20,47.6,100,1.2,0.4,0.13
1056,176B,A17,2,2.4,3,34.6,9.2,9,56.5,45,0.98,0.19,0.02
1146,176B,A17,2,4,5,31.7,18.2,13,57.4,59,0.83,0.19,0.16
1192,176B,A17,2,4.3,5,40.8,12,22,52.2,84,1.12,0.31,0.12
801,192C,A17,2,4.4,4,32.1,14.5,6,51.6,25,0.61,NA,0.05
875,192C,A17,2,2.4,4,27.6,10.4,3,41.3,14,0.29,0.06,0.01
1443,192C,A17,2,3,4,41.6,13.9,6,45.7,21,1.17,NA,0.06
1101,192D,A17,2,3.4,4,23.7,15,20,46.7,21,1.09,0.26,0.08
1293,192D,A17,2,2.9,4,41.9,12.6,12,47.2,114,1.85,0.27,0.1
1416,192D,A17,2,2.3,2,NA,8.4,7,38.6,31,0.67,0.11,0.03
802,243A,A17,2,2.3,3,22.4,9.3,5,42.3,50,0.9,0.12,0.02
854,243A,A17,2,4.6,6,43.6,14.6,7,58,64,1.15,0.42,0.08
1065,243A,A17,2,2.6,4,36.7,9.1,13,59.1,NA,NA,0.14,NA
1275,243A,A17,2,2.8,5,48.9,14.5,15,44.7,81,0.95,0.36,0.16
755,243B,A17,2,2.5,4,35.6,8.6,4,46.4,25,0.24,0.18,0.03
822,243B,A17,2,4.4,4,42.1,19.2,8,44.9,55,1.54,NA,0.07
1180,243B,A17,2,3.1,4,45.2,12.1,14,41.2,58,1.36,0.22,0.11
1405,243B,A17,2,6.2,12,38.5,25.5,53,55.6,112,0.95,0.94,0.23
752,25A,A17,2,6.7,11,39.7,26.1,2.2,55.5,91,2.01,0.87,0.27
1205,25A,A17,2,8.8,16,45.9,35,59,57.2,143,1.99,1.05,0.27
1399,25A,A17,2,2.6,4,42.4,11.8,11,43.5,66,0.99,0.11,0.01
994,25B,A17,2,5,6,48.8,20.8,38,43.1,82,1.15,0.57,0.18
1002,25B,A17,2,5,5,46,16.3,42,56.4,42,2.29,0.66,0.24
1130,25B,A17,2,3.1,3,26.7,11,13,52.4,32,1.36,0.15,0.11
905,6A,A17,2,3.2,5,51.4,12.7,7,55.4,7,0.43,0.21,0.04
1208,6A,A17,2,5.8,7,46.1,25.5,34,49.7,132,1.96,0.58,0.19
1330,6A,A17,2,6.5,6,40.9,26,29,45.2,77,0.86,0.46,0.2
866,6B,A17,2,3.5,6,42.4,20.5,7,43.1,66,0.62,0.38,0.1
1325,6B,A17,2,4.5,4,42.1,21,27,48.9,52,1.83,0.38,0.17
1470,6B,A17,2,4.3,4,43.3,9,17,46.3,21,1.3,0.32,0.14
724,701B,A17,2,3.7,5,29.3,14.6,8,46.2,56,1.82,0.24,0.08
845,701B,A17,2,3.4,5,38.2,14.5,7,40.9,59,0.88,0.21,0.03
1271,701B,A17,2,3.6,5,51,11,12,43.3,151,1.06,0.2,0.07
1365,701B,A17,2,3.5,4,28.4,14,14,42.3,24,0.57,0.21,0.07
772,702A,A17,2,3.6,3,47.4,9.7,5,42.3,11,4.7,0.18,0.04
898,702A,A17,2,2.5,5,33.8,5.9,7,13.6,0,0,0.05,0.02
1235,702A,A17,2,1.6,2,NA,2.8,5,NA,NA,NA,0.04,0.02
909,710A,A17,2,0.3,2,NA,9.8,2,44.6,8,0.66,0.04,0.01
1033,710A,A17,2,3.7,4,46.7,11.8,13,44.3,69,0.81,0.3,0.12
767,710B,A17,2,3.9,7,39.4,16.6,9,55.4,31,1.42,0.61,0.07
933,710B,A17,2,3.8,5,43.1,17.5,14,46.8,9,0.15,0.44,0.04
951,710B,A17,2,4.6,5,54,15.6,16,53.2,25,0.67,0.43,0.07
1341,710B,A17,2,3.1,7,46,17,29,50.4,49,1.45,0.52,0.24
782,714A,A17,2,3.6,4,53.7,14.9,9,56.6,37,1.33,0.31,0.07
848,714A,A17,2,3.3,3,42.8,9.5,8,43.8,66,1.01,0.28,0.1
878,714A,A17,2,3.6,9,47,16.1,11,48.1,127,0.77,0.63,0.24
1103,714B,A17,2,3.3,6,46.4,14.5,31,48.8,77,0.56,0.36,0.07
1253,714B,A17,2,4.5,5,43,18,25,50.4,85,0.68,0.5,0.18
1233,717A,A17,2,2.9,4,40.1,16,10,28.6,1,1.3,0.1,NA
1260,717A,A17,2,3.3,4,33.1,7.1,7,31.7,17,1.97,0.04,0.04
1385,717A,A17,2,3.9,4,40.1,17.5,13,55.7,2,3.55,0.17,0.01
741,722A,A17,2,3.9,7,37.9,14.7,8,52.2,40,1.47,0.39,0.06
849,722A,A17,2,4.9,8,50.1,17.7,10,51.8,86,0.43,0.47,0.12
894,722A,A17,2,4.6,5,36.6,22,9,52.4,65,0.11,0.43,0.08
1015,722A,A17,2,4.1,5,39.7,16.4,20,51.9,75,0.57,0.38,0.13
1040,722B,A17,2,3.6,8,42.7,19.5,42,53.1,52,0.45,0.69,0.18
1127,722B,A17,2,3.6,5,43.1,19.2,24,59.8,13,1.22,0.42,0.15
1159,722B,A17,2,5.3,9,44.3,25,41,58.9,51,1.13,0.57,0.18
1207,722B,A17,2,5.7,6,49,20,41,54.9,93,1.63,0.69,0.23
773,724A,A17,2,3.2,5,36.2,14.4,6,51.8,42,0.87,0.23,0.07
1326,724A,A17,2,4.2,4,41.9,13.4,13,43.9,43,0.98,0.21,0.1
1376,724A,A17,2,4.6,4,39.3,11.8,9,33.3,50,0.51,0.12,0.09
1382,724A,A17,2,1.6,3,20.1,6,5,40.5,25,1.15,0.05,0.01
1095,726A,A17,2,1.5,3,10.6,6,6,38,27,0.66,0.06,0.03
1121,726A,A17,2,2.6,4,38.7,11,13,51.1,28,1,0.19,0.09
1356,726A,A17,2,1.6,3,NA,7.1,6,42,17,1.22,0.08,0.03
1424,726A,A17,2,4.2,3,52,12,12,38,60,0.77,0.15,0.05
962,726B,A17,2,3.8,4,47.2,9.2,22,44,122,1.72,0.47,0.15
997,726B,A17,2,2.1,3,20.9,9,8,47.8,13,1.83,0.12,0.03
1252,726B,A17,2,2.4,4,47.1,10,9,51.7,46,0.81,0.2,0.05
1350,726B,A17,2,1.1,3,NA,7.2,8,48.1,12,2.67,0.08,0.02
1102,733A,A17,2,3.7,4,32.9,15.8,15,52.7,44,1.37,0.2,0.04
1106,733A,A17,2,0.6,2,NA,5.1,6,32.6,0,0,0.05,0.01
1202,733A,A17,2,3.7,4,48.3,12.5,13,50.1,51,0.87,0.3,0.08
1357,733A,A17,2,1,3,NA,6.1,6,46.2,11,1.53,0.06,0.02
788,733B,A17,2,1.1,3,NA,4.9,3,38.5,0,0,0.06,0.01
1329,733B,A17,2,1.9,3,NA,3.2,6,27.6,1,0.2,0.02,0.02
1340,733B,A17,2,3.4,4,34.7,15,13,40.3,14,3.16,0.17,0.1
1049,739A,A17,2,2.6,5,38.2,11,12,56.9,30,0.98,0.17,0.04
1439,739A,A17,2,1.3,3,NA,9,6,45.6,15,0.94,0.03,0.02
1451,739A,A17,2,1.9,4,19.9,10.2,4,48.7,5,5.66,0.08,0.01
921,740A,A17,2,6.9,9,26.7,22.5,14,52,27,0.87,0.72,0.11
1370,740A,A17,2,2.4,3,47.6,10.4,12,45.5,68,0.66,0.22,0.08
729,746A,A17,2,3.1,5,38.4,10.4,6,45.9,66,0.97,0.21,0.05
886,746A,A17,2,0.9,3,NA,6.5,3,47.9,29,0.59,0.07,0.04
952,746A,A17,2,3.1,5,41.9,13.6,5,51.4,37,0,0.16,0.06
1174,746A,A17,2,1.4,3,23.1,6.7,7,43.9,32,0.79,0.07,0.01
923,746B,A17,2,3.7,6,41.2,9.6,8,54.9,6,1.03,0.25,0.04
939,746B,A17,2,1.8,3,27.4,8.1,4,49.6,43,0.49,0.1,0.01
1425,746B,A17,2,2.3,5,25.6,9.4,13,39.8,76,1.02,0.17,0.05
1156,748A,A17,2,2,4,30.6,9,8,48.5,25,0.8,0.13,0.03
1206,748A,A17,2,2.1,4,32.1,9,8,48.5,46,0.99,0.09,0.01
1406,748A,A17,2,2.8,4,40.7,9.5,8,53.8,55,0.33,0.13,0.07
914,748B,A17,2,3.2,5,50.9,18.9,8,49.1,68,1.45,0.19,0.08
948,748B,A17,2,0.9,3,NA,7.4,3,43.2,8,0.85,0.47,0.02
1313,748B,A17,2,2.1,2,23.4,7.5,7,41,13,1.23,0.07,0.01
1346,748B,A17,2,3.1,4,31.2,13,15,45.6,59,0.52,0.24,NA
825,749A,A17,2,1,3,NA,6.5,3,44.4,17,1.01,0.05,0.01
1201,749A,A17,2,4.2,4,31.9,13,10,51.6,49,1.33,0.17,0.06
1316,749A,A17,2,3.9,4,51.8,16.1,12,51.9,28,1.33,0.2,0.06
1446,749A,A17,2,7.1,3,39.7,22.7,8,55.2,21,0.28,0.21,0.06
785,749B,A17,2,2.7,4,33.9,10.3,5,49.7,19,1.45,0.16,0.01
828,749B,A17,2,3.9,5,46,18.7,7,40.5,24,1.37,0.29,0.06
1199,749B,A17,2,2.7,3,26.6,8,9,52.1,22,1.46,0.1,0.04
1214,749B,A17,2,3.9,3,31.2,10.5,12,36.3,40,0.62,0.16,0.06
953,749C,A17,2,3.2,5,47.5,10.9,5,44.3,28,1.37,0.22,0.09
1119,749C,A17,2,2.4,5,34.3,14,15,52.6,50,0.8,0.21,0.04
1398,749C,A17,2,2.9,4,48.1,9.7,7,43.7,16,0.21,0.13,0.01
1430,749C,A17,2,1.5,3,42.6,9.2,10,47.8,44,1.61,0.14,0.07
944,753A,A17,2,0.5,2,NA,4.8,2,31.4,8,2.2875,0.01,0.02
1019,753A,A17,2,3.2,4,40.7,8.5,9,52.1,33,0.67,0.26,0.04
1061,753A,A17,2,1.1,3,35.5,8,7,51.3,18,0.36,0.09,0.02
1105,753A,A17,2,3,4,27.8,13,13,50.4,30,1.62,0.21,0.05
722,755A,A17,2,2.1,5,21,7.7,6,38.1,16,1.7,0.13,0.02
810,755A,A17,2,4,4,44.4,15.2,8,52.5,23,0.91,0.26,0.03
839,755A,A17,2,2.9,3,39.9,10.9,5,54.4,25,3.22,0.16,0.05
896,755A,A17,2,4.1,5,43.1,20.5,13,60.9,42,1.56,0.4,0.06
1016,755A,A17,2,2.5,4,52.5,8,10,46,61,0.86,0.27,0.13
1150,755A,A17,2,1.5,3,20.3,8.3,9,54.3,19,0.4,0.13,0.01
1261,755A,A17,2,3.5,5,55,13.8,17,49.4,86,0.96,0.35,0.14
1349,755A,A17,2,1.8,4,20.3,9,9,44.2,16,1.71,0.14,0.04
1393,755A,A17,2,3.5,4,50.2,12.5,14,42.6,79,1.17,0.21,0.06
735,755B,A17,2,1.9,5,20.1,9.1,4,45.1,37,0.7,0.15,0.05
1074,755B,A17,2,2.3,4,44.9,15.5,18,52.6,46,1.7,0.3,0.11
1254,755B,A17,2,2.9,3,49.5,10.8,10,51.9,31,1.1,0.22,0.09
1306,755B,A17,2,4.1,4,51.3,11.2,16,47.2,25,9.2,0.26,0.12
809,757C,A17,2,2.5,4,26.5,11.2,4,52.4,13,0.05,0.13,0.04
956,757C,A17,2,2.2,4,43.6,10.3,4,54.2,41,0.94,0.14,0.08
963,757C,A17,2,1.6,3,37.8,10.5,15,50.5,23,1.05,0.19,0.06
1082,757C,A17,2,2,4,36.9,10.8,24,45.3,44,1.02,0.2,0.09
1272,757C,A17,2,1.1,4,NA,8.4,8,47.7,41,1.47,0.16,0.11
1383,757C,A17,2,3.9,6,41.4,17,20,39.5,27,0.97,0.39,0.06
1387,757C,A17,2,2.7,4,37,8,8,46,42,1.22,0.13,0.02
837,758A,A17,2,1.6,3,NA,7.9,4,44.2,19,0.91,0.06,0.01
904,758A,A17,2,0.8,4,20.1,9.4,4,51.3,7,0.91,0.16,0.01
977,758A,A17,2,3.2,5,41.2,15,18,46.7,42,0.95,0.26,0.12
1026,758A,A17,2,2.8,4,34.9,11.5,19,46.4,49,1.05,0.25,0.05
1027,758A,A17,2,2.9,4,32.5,9,11,48,73,0.97,0.2,0.17
1028,758A,A17,2,1.9,5,32.7,11.7,10,60.8,52,0.79,0.2,0.08
1304,758A,A17,2,3.7,4,54.4,11.2,14,46.3,26,10.2,0.19,0.05
861,761A,A17,2,2.9,4,36.3,11.6,8,35.2,71,0.6,0.31,0.12
863,761A,A17,2,2.7,4,38.4,11.4,6,40.5,60,0.76,0.19,0.07
920,761A,A17,2,4,4,34.8,10.4,8,40.8,64,0.94,0.3,0.04
927,761A,A17,2,2.9,4,52.4,10.9,5,55.1,11,0.87,0.18,0.04
1041,761A,A17,2,2.8,3,52.2,10.5,15,46.8,28,1.77,0.18,0.06
1046,761A,A17,2,2.9,7,44.2,15.5,34,53.9,2,0.1,0.44,0.07
1172,761A,A17,2,4.5,5,48.1,18,25,47.9,96,1.63,0.43,0.16
955,762A,A17,2,2.4,4,49.9,8.8,5,52,23,0.95,0.16,0.04
1022,762A,A17,2,3.9,4,42.4,9.1,16,53.7,104,0.83,0.27,0.11
1054,762A,A17,2,2.8,4,46.4,10.2,13,50.9,32,1.15,0.32,0.04
1109,762A,A17,2,3.5,5,46.7,19.8,28,42.3,72,1.46,0.4,0.11
1210,762A,A17,2,2.4,2,41.7,10.5,8,40.2,71,1.22,0.15,0.02
1303,762A,A17,2,5.5,10,47.9,22.1,51,53.6,20,9.2,0.84,0.07
1437,762A,A17,2,4.8,5,36.9,19,28,51.7,22,0.97,0.4,0.11
1137,7A,A17,2,4.2,5,39.7,19,20,61.3,62,0.7,0.4,0.12
1265,7A,A17,2,3.3,4,55.1,11,17,52.9,75,1.51,0.33,0.09
1465,7A,A17,2,2.7,4,51.4,8.7,20,45.6,55,0.95,0.22,0.07
949,7B,A17,2,4.2,7,48.9,15.3,11,51,NA,NA,NA,NA
1247,7B,A17,2,3.9,4,34.9,15,13,48.8,73,0.95,0.27,0.05
1457,7B,A17,2,6,5,59.8,19.5,18,54,48,1.16,0.48,0.12
943,90A,A17,2,4.3,3,36.6,18.3,8,53.3,49,0.65,0.31,0.08
972,90A,A17,2,4.3,5,25.5,16.5,21,26.9,88,1.39,0.28,0.17
1020,90A,A17,2,2.7,3,49.7,12,19,46.4,27,0.77,0.36,0.14
857,90B,A17,2,3.6,5,41.8,18.2,6,49.1,36,0.92,0.32,0.08
1147,90B,A17,2,2.5,4,44.1,8.5,11,54,43,0.96,0.18,0.08
1335,90B,A17,2,6.4,4,36.5,21.4,22,49.3,39,1.66,0.45,0.15
769,control_in,A17,2,NA,NA,NA,5.2,5,20.1,0,NA,NA,0.06
776,control_in,A17,2,4.1,6,46.7,13.4,5,34.4,13,2.8,NA,0.12
789,control_in,A17,2,NA,NA,NA,11.5,6,30.2,0,NA,NA,0.05
821,control_in,A17,2,4.6,5,38.3,17.6,6,39.3,37,1.2,NA,0.05
832,control_in,A17,2,3.5,4,25,12.3,4,38.3,49,0.56,NA,0.05
858,control_in,A17,2,NA,NA,NA,5.6,4,31.9,0,NA,NA,0.02
893,control_in,A17,2,2,4,21.2,2.3,3,12,2,2.55,NA,0.02
897,control_in,A17,2,2.6,5,41.2,7.5,8,44.1,17,0.96,NA,0.05
941,control_in,A17,2,1.2,3,NA,5.1,3,35.8,2,0.2,NA,0.02
1023,control_in,A17,2,NA,NA,NA,7.3,7,25.5,0,0,NA,0.03
1066,control_in,A17,2,2.8,3,30.6,10.1,9,37.3,21,4.07,NA,0.03
1088,control_in,A17,2,2.2,3,25.5,5.7,8,32.7,0,0,NA,0.01
1092,control_in,A17,2,NA,NA,NA,13.3,11,36.1,33,3.3,NA,0.04
1107,control_in,A17,2,NA,NA,NA,12.5,6,29.1,27,2.3,NA,0.04
1110,control_in,A17,2,5.8,6,40.4,14.6,25,32.7,64,0.2,NA,0.07
1111,control_in,A17,2,3.5,5,36,14,11,39.5,23,3.32,NA,0.09
1175,control_in,A17,2,3.3,6,39.2,13.2,11,34.1,1,18.4,NA,0.09
1212,control_in,A17,2,NA,NA,NA,7.5,8,24.3,0,NA,NA,0.07
1213,control_in,A17,2,4.6,5,43.6,18,13,45.1,15,4.16,NA,0.06
1239,control_in,A17,2,4.6,5,29.2,10.5,7,25.2,1,0.5,NA,0.03
1244,control_in,A17,2,4.3,5,39.6,13,20,48.7,36,6.09,NA,0.09
1267,control_in,A17,2,NA,NA,NA,15.1,8,43.1,0,NA,NA,0.09
1282,control_in,A17,2,NA,NA,NA,3.8,4,22.3,0,NA,NA,0.02
1288,control_in,A17,2,NA,NA,NA,11.9,5,30.6,1,0.2,NA,0.06
1308,control_in,A17,2,NA,NA,NA,3.1,4,20.6,0,NA,NA,0.02
1360,control_in,A17,2,4.8,5,46.8,10.8,12,40,54,3.97,NA,0.13
1378,control_in,A17,2,3.7,5,45.3,16.8,17,45.5,39,4.99,NA,0.12
1386,control_in,A17,2,NA,NA,NA,6.4,5,27.4,0,NA,NA,0.05616
1397,control_in,A17,2,2.8,5,39.4,6,5,28.3,2,0.15,NA,0.03053
1404,control_in,A17,2,NA,NA,NA,8.2,5,26.9,0,NA,NA,0.0655
1415,control_in,A17,2,5.2,4,33.8,14,10,35.2,24,1.09,NA,0.123
1418,control_in,A17,2,4.4,6,NA,17,11,32.4,8,10.75,NA,0.0614
1452,control_in,A17,2,NA,NA,NA,NA,NA,29.7,NA,NA,NA,0.05259
1455,control_in,A17,2,NA,NA,NA,12.6,7,28.1,NA,NA,NA,0.06909
1459,control_in,A17,2,5.4,9,58.9,18.2,15,35.8,29,4.13,NA,0.1
C10,control_ex,A17,2,4.4,4,35.6,8.9,4,29.6,2,NA,NA,NA
C11,control_ex,A17,2,4.3,6,42.7,8.5,5,28.5,NA,NA,NA,NA
C12,control_ex,A17,2,3,3,35.4,5.3,5,37.7,NA,NA,NA,NA
C13,control_ex,A17,2,4.9,5,35,15.8,4,29,1,NA,NA,0.09
C14,control_ex,A17,2,1.8,2,NA,2.7,2,NA,0,NA,NA,0.01
C15,control_ex,A17,2,3,3,27.5,7.5,5,27.6,NA,NA,NA,0.06
C16,control_ex,A17,2,5.4,4,38,15,5,38.9,0,NA,NA,0.05
C17,control_ex,A17,2,3.4,3,16.9,8.4,3,27.5,NA,NA,NA,NA
C18,control_ex,A17,2,2.1,3,NA,3.4,2,22.4,0,NA,NA,0.01
C19,control_ex,A17,2,5.7,8,36.9,14.2,6,22.1,0,NA,NA,0.05
C2,control_ex,A17,2,4.1,5,34.2,8.1,5,33.1,0,NA,NA,0.07
C20,control_ex,A17,2,3,4,38.7,6.4,5,16.3,0,NA,NA,0.02
C21,control_ex,A17,2,4.4,4,31.5,9.5,4,25.3,0,NA,NA,0.04
C23,control_ex,A17,2,2,2,NA,3.1,2,20.1,0,NA,NA,0.01
C24,control_ex,A17,2,3.8,5,43.6,7.9,4,29.9,10,NA,NA,0.03538
C25,control_ex,A17,2,3.5,4,28.6,7,4,33.7,0,NA,NA,NA
C26,control_ex,A17,2,2.9,3,NA,2.8,3,NA,0,NA,NA,0.01
C3,control_ex,A17,2,5.5,5,29.8,12.6,4,23.9,1,NA,NA,0.06
C4,control_ex,A17,2,7.6,7,40.7,24.3,9,55.9,30,NA,NA,0.07
C5,control_ex,A17,2,1.1,1,NA,3.3,2,27.1,0,NA,NA,0.01
C6,control_ex,A17,2,4,4,43.5,6,3,30.1,NA,NA,NA,NA
C7,control_ex,A17,2,4.4,7,38.1,10.8,4,28.2,0,NA,NA,0.06
C8,control_ex,A17,2,5.7,5,29.3,15.9,4,35.3,6,NA,NA,0.02
C9,control_ex,A17,2,4.4,4,29.5,8.1,4,27.4,NA,NA,NA,NA
