rack,pos,plant_ID,strain_ID,exp
C8,7,1,101,1
E12,2,2,317,1
A2,3,3,154,1
E6,2,4,27,1
D7,10,6,540,1
E7,6,7,7B,1
C11,10,8,65,1
C8,2,9,39,1
C12,7,10,34,1
A2,2,11,53,1
E2,2,12,384,1
A1,3,13,80,1
B8,2,14,89,1
A10,7,15,406,1
E9,7,16,199,1
E12,1,17,733B,1
E5,8,19,261,1
B1,4,20,201,1
E5,4,21,277,1
E10,9,22,382,1
B11,4,23,33,1
B8,5,24,278,1
A3,10,25,733A,1
C4,6,26,421,1
E7,5,27,41,1
E9,3,28,25A,1
C9,8,29,93,1
C7,5,31,66,1
D8,5,32,417,1
D5,10,33,36,1
D10,3,35,53,1
A8,3,36,409,1
A2,9,37,189,1
D3,2,38,209,1
E8,7,39,15,1
A3,2,40,177,1
E3,7,41,714B,1
C3,9,42,90B,1
C2,8,43,158A,1
A8,1,44,36,1
F8,2,46,C,1
E4,3,47,184,1
A7,3,48,215,1
D3,8,49,174,1
D11,4,50,710B,1
A12,5,51,525,1
E7,7,52,216,1
D3,3,56,121,1
D4,8,57,409,1
F2,6,58,209,1
A12,4,59,101,1
C7,8,60,C,1
B7,1,61,514,1
D5,7,62,176A,1
F2,3,63,14,1
E11,9,64,319,1
A12,2,65,206,1
B5,9,66,92,1
C1,3,67,733B,1
B12,8,68,169,1
D6,1,69,740A,1
B1,3,70,145,1
A6,3,71,498,1
C8,8,72,53,1
C4,10,74,191,1
D10,7,75,702A,1
C10,6,76,189,1
F1,8,77,748B,1
E2,1,78,32,1
D6,6,79,C,1
B2,1,80,373,1
B2,8,81,69,1
D3,5,82,25A,1
A5,2,83,533,1
A4,7,84,90B,1
B4,6,85,714B,1
A8,8,86,748A,1
E4,2,87,285,1
D6,2,88,533,1
E12,9,89,523,1
A10,10,91,384,1
B3,4,92,386,1
D3,6,93,710A,1
A1,8,94,526,1
A2,10,95,65,1
A5,4,96,335,1
B10,8,97,87,1
A9,3,98,746B,1
A9,5,99,422,1
A6,10,100,245,1
D6,10,101,476,1
B3,1,102,93,1
E4,8,103,154,1
D8,3,104,8,1
C1,6,105,722B,1
C10,1,106,748B,1
D4,5,107,62,1
D9,2,108,89,1
B8,10,110,6A,1
C5,6,111,17,1
C10,7,112,141,1
D1,7,113,320,1
A12,1,114,83,1
E11,5,117,313,1
C10,2,118,717A,1
C3,10,120,513,1
D8,2,121,43,1
C9,10,122,746A,1
D10,4,123,342,1
A9,6,124,285,1
B8,8,125,276,1
A9,9,126,216,1
F1,7,127,26,1
A1,7,128,259,1
B7,3,129,66,1
B12,6,130,386,1
E9,2,132,177,1
C11,9,133,238,1
B10,5,134,247,1
A10,6,135,382,1
D1,3,137,48,1
B6,7,138,372,1
D7,4,139,513,1
E3,3,140,31,1
B7,5,142,701A,1
D2,5,144,733A,1
A4,5,145,73,1
B1,10,147,238,1
D11,2,148,406,1
D3,7,149,557,1
E6,10,150,372,1
D4,7,151,86,1
A6,4,152,209,1
B6,5,154,21,1
A6,9,155,243A,1
D12,3,156,16,1
B8,4,157,748B,1
D10,8,158,522,1
A10,2,159,39,1
B2,5,160,17,1
C12,5,161,83,1
C5,7,162,303,1
B11,5,163,342,1
C8,5,164,245,1
C12,9,165,524,1
D1,6,166,755B,1
F2,7,167,36,1
D11,9,168,526,1
D5,8,169,9,1
C11,2,171,C,1
C9,2,173,90A,1
E6,3,175,215,1
B7,9,176,38,1
E3,5,177,524,1
E1,5,178,148A,1
B6,1,179,26,1
F1,6,180,93,1
A9,2,181,C,1
E9,6,182,101,1
B10,6,183,724A,1
E1,3,186,231,1
C1,10,187,753A,1
A8,6,188,740A,1
B11,2,189,384,1
A10,3,190,25B,1
A11,1,191,42,1
A5,3,192,717A,1
D12,5,193,114,1
C11,7,194,514,1
E9,9,195,322,1
E11,4,196,201,1
B11,8,197,276,1
D12,9,198,142,1
D8,10,199,117B,1
D11,8,200,40,1
C5,8,201,231,1
D4,4,202,25B,1
C1,7,203,6B,1
E7,8,204,174,1
B12,7,205,18,1
B3,6,206,358,1
D9,8,207,386,1
D12,10,208,86,1
C11,4,209,92,1
D8,4,210,318,1
B5,8,211,317,1
C9,9,212,144B,1
C3,3,214,317,1
B9,9,215,701A,1
A5,6,216,722A,1
E1,2,217,72,1
F2,2,218,192C,1
A8,2,219,205,1
A5,9,220,72,1
E2,6,221,525,1
D12,7,222,749B,1
F1,5,223,80,1
E8,1,224,6B,1
B2,4,225,261,1
E3,9,226,146,1
B8,6,228,194,1
B2,6,229,541,1
C3,4,230,372,1
E5,7,231,325,1
B1,1,232,10,1
F2,1,235,714A,1
A7,10,236,540,1
A10,5,237,243B,1
C10,8,238,21,1
D2,10,239,724B,1
A6,1,240,148B,1
E5,10,243,7A,1
B1,9,244,530,1
A5,8,245,746A,1
D11,1,246,69,1
B11,7,247,85,1
D7,9,249,242,1
B10,9,250,336,1
E3,10,251,73,1
B12,1,252,7B,1
B3,9,253,755A,1
E4,6,254,123,1
C2,7,255,220,1
B7,8,256,8,1
D2,9,257,541,1
A4,6,258,522,1
A3,9,259,40,1
C1,5,262,206,1
E9,4,263,219,1
E6,1,265,71,1
C1,1,267,530,1
A2,5,269,182,1
A5,5,270,32,1
C5,2,271,319,1
E3,4,272,144A,1
D6,4,273,303,1
D8,7,274,755B,1
C6,3,275,722A,1
A10,8,276,158B,1
C6,10,277,540,1
C3,8,279,16,1
A4,4,280,230,1
B1,8,281,513,1
B11,3,282,67,1
A3,5,283,146,1
E8,10,284,421,1
A11,9,285,714A,1
C3,1,286,54,1
D3,10,287,277,1
C3,5,289,117B,1
C12,10,290,38,1
A7,5,292,87,1
F2,5,294,6A,1
C9,1,295,358,1
A8,9,297,336,1
C4,9,298,71,1
A6,5,299,726A,1
E2,9,300,283,1
E12,10,302,144B,1
B7,6,303,183,1
E12,3,304,5,1
C11,8,305,525,1
A7,8,306,18,1
E9,10,307,498,1
E2,4,308,200,1
B5,2,310,486,1
D8,8,311,148B,1
A10,9,312,739A,1
D10,5,313,717A,1
E7,3,314,320,1
D11,6,317,78,1
D8,6,318,420,1
B4,1,319,283,1
E1,7,320,34,1
D10,2,321,169,1
D11,10,322,739A,1
B4,4,323,121,1
D4,9,324,749A,1
A4,3,325,523,1
C5,3,326,15,1
E12,6,328,79,1
D9,1,329,230,1
C2,3,330,261,1
C11,1,333,182,1
C1,4,334,726B,1
D3,9,336,221,1
B4,7,337,417,1
D2,4,338,498,1
E1,10,339,710A,1
E6,5,340,24,1
A3,8,341,246,1
E7,10,342,726B,1
E2,10,343,238,1
A12,3,344,225,1
E4,5,345,282,1
B3,7,346,176B,1
B11,9,347,225,1
D6,8,348,145,1
A10,1,349,231,1
D6,9,350,753A,1
C4,4,351,702A,1
E3,8,352,46,1
D1,2,353,243B,1
A9,4,354,141,1
E6,6,355,533,1
F1,10,356,191,1
C1,9,357,755A,1
E4,1,358,246,1
D3,4,359,41,1
E10,3,360,248,1
C9,5,361,243A,1
E7,2,362,701A,1
B12,4,363,57,1
A7,2,364,303,1
C2,5,365,201,1
A6,2,366,6B,1
A10,4,367,258,1
A8,5,368,524,1
D5,9,369,248,1
C2,1,370,26,1
A11,6,371,C,1
D10,1,372,276,1
C7,2,373,142,1
D12,2,375,541,1
E6,8,376,722B,1
C5,1,377,373,1
D6,5,380,25B,1
B2,10,381,325,1
D2,8,382,C,1
B1,2,383,142,1
B4,10,384,320,1
E11,1,385,286,1
D1,5,386,714A,1
B6,6,387,97,1
C7,3,388,27,1
E1,9,389,62,1
E8,9,390,176A,1
E7,9,393,204,1
C6,2,394,322,1
B12,3,395,748A,1
C2,10,396,177,1
B10,1,397,382,1
F11,9,398,C,1
A8,10,399,31,1
D8,1,401,557,1
A8,7,402,114,1
B5,4,403,313,1
C10,4,405,46,1
C8,1,407,701B,1
C9,7,408,40,1
E9,1,409,183,1
A7,4,410,169,1
B9,3,411,27,1
D7,8,412,90A,1
E4,9,413,514,1
B5,1,414,247,1
F12,10,415,C,1
C3,2,417,230,1
E10,10,419,205,1
A3,6,420,192C,1
C2,6,421,335,1
B3,5,422,749A,1
D2,1,423,42,1
A5,1,424,200,1
B11,6,426,C,1
D9,7,427,194,1
E7,4,428,740A,1
A9,1,429,539,1
D1,10,430,422,1
C10,3,432,282,1
D1,9,433,69,1
A1,5,434,733B,1
C5,5,436,325,1
D9,10,438,724B,1
B11,1,439,246,1
D5,3,440,154,1
B6,9,441,33,1
A1,2,442,242,1
B3,8,443,82,1
B5,10,444,157,1
C4,2,445,89,1
E11,8,446,65,1
E11,7,447,722A,1
D6,3,448,243B,1
B10,3,449,526,1
D7,7,450,336,1
E3,1,452,724A,1
D6,7,454,749C,1
A9,7,455,281,1
E2,7,456,121,1
C6,6,457,726A,1
E1,8,458,38,1
E11,6,461,258,1
C12,8,463,508,1
B3,2,464,144B,1
D9,5,465,746B,1
E5,1,466,225,1
A11,4,467,221,1
C7,7,468,5,1
E12,5,469,82,1
E11,2,471,278,1
C6,4,472,318,1
C4,8,473,157,1
D9,4,474,C,1
A11,5,475,148A,1
E1,4,476,422,1
B10,4,477,6A,1
A12,6,478,84,1
C6,5,479,144A,1
B3,10,482,342,1
D4,1,483,539,1
D7,2,484,245,1
D1,4,487,35,1
C12,3,488,710B,1
D2,6,489,259,1
E2,5,491,84,1
A5,7,492,14,1
D10,6,493,83,1
D11,5,494,158A,1
A4,10,495,204,1
B9,2,496,219,1
E3,6,497,746A,1
B9,8,498,739A,1
A2,4,499,79,1
B3,3,501,C,1
D4,10,502,242,1
E4,10,503,182,1
B9,10,504,148B,1
E8,4,505,748A,1
D9,9,506,9,1
C12,2,507,406,1
A3,4,509,722B,1
C12,4,512,C,1
B5,5,513,701B,1
D2,7,514,59,1
E10,5,515,10,1
D4,6,516,714B,1
A12,10,517,421,1
C12,1,518,7A,1
A6,8,521,35,1
B12,9,522,194,1
D7,5,523,358,1
C5,4,524,73,1
A7,7,525,67,1
D12,8,526,48,1
D11,3,527,335,1
A12,7,528,191,1
E12,4,529,C,1
D12,6,531,35,1
D2,3,532,746B,1
A2,1,533,724B,1
E11,10,534,749A,1
B6,4,535,71,1
C6,7,536,476,1
D3,1,537,258,1
C5,10,538,749B,1
C3,6,539,43,1
C9,6,540,14,1
A11,2,542,88,1
B11,10,543,79,1
C11,6,544,82,1
B9,5,545,24,1
E10,8,546,373,1
A4,1,547,34,1
E8,3,548,701B,1
F2,4,549,66,1
D12,4,550,57,1
A11,10,551,286,1
A4,2,552,753A,1
E7,1,553,87,1
A9,8,554,199,1
A2,7,556,43,1
B7,4,557,78,1
D10,10,558,158B,1
C9,4,559,216,1
E6,9,560,42,1
E8,5,561,92,1
E11,3,562,C,1
A1,10,563,48,1
E12,8,564,755A,1
B9,7,565,C,1
A11,8,568,15,1
B2,7,569,46,1
E10,4,570,18,1
A11,3,571,322,1
C4,1,572,278,1
E6,7,574,157,1
C8,9,575,72,1
B12,5,577,205,1
E8,6,578,259,1
B8,1,579,749B,1
B4,3,581,192D,1
A12,8,582,248,1
D7,3,583,220,1
B1,7,585,508,1
E9,8,587,247,1
B10,10,589,148A,1
B12,2,590,200,1
D5,1,591,523,1
A11,7,593,318,1
E5,3,594,59,1
B1,5,595,755B,1
D5,6,596,184,1
A7,1,597,319,1
B5,3,598,184,1
E10,2,600,726A,1
C8,3,603,204,1
A7,9,604,62,1
E4,7,605,733A,1
C3,7,606,749C,1
C2,4,608,32,1
F1,1,610,54,1
F1,2,611,97,1
D5,2,612,84,1
B12,10,614,199,1
B7,2,617,174,1
D10,9,618,409,1
B9,4,620,486,1
B7,10,621,57,1
B2,9,622,158A,1
B10,7,623,114,1
C9,3,624,420,1
E5,2,625,141,1
B4,5,626,476,1
B4,2,627,123,1
E6,4,628,C,1
C1,2,629,286,1
E4,4,630,539,1
E10,1,631,67,1
D8,9,632,486,1
D1,8,633,C,1
A6,6,634,557,1
C6,8,635,10,1
C6,1,636,215,1
F1,9,637,221,1
A1,6,638,59,1
A8,4,639,7A,1
B9,6,642,522,1
B6,10,643,5,1
A1,1,644,16,1
A1,9,645,24,1
E3,2,646,17,1
C4,5,650,285,1
C12,6,652,31,1
B5,7,653,90A,1
F1,3,655,21,1
D2,2,656,313,1
E1,1,658,85,1
C7,1,660,183,1
A4,8,662,86,1
E12,7,663,39,1
B6,3,665,41,1
E5,5,666,189,1
B8,3,668,726B,1
B8,9,669,54,1
B9,1,670,9,1
B8,7,671,749C,1
C10,10,672,88,1
D4,2,674,219,1
C7,10,675,78,1
A9,10,676,277,1
E5,6,677,90B,1
C2,2,678,80,1
B6,2,679,220,1
A2,8,680,710A,1
E2,8,681,281,1
C7,4,682,417,1
A3,3,683,710B,1
B4,8,685,176A,1
B2,3,686,7B,1
E9,5,687,508,1
B6,8,688,420,1
A7,6,689,724A,1
A3,7,690,85,1
C10,5,692,192C,1
A4,9,693,25A,1
E5,9,694,33,1
A5,10,695,117B,1
C8,10,696,192D,1
C4,7,699,176B,1
D4,3,700,283,1
F1,4,702,192D,1
A12,9,703,144A,1
C7,6,704,281,1
D1,1,705,146,1
D9,6,706,243A,1
C6,9,707,C,1
A1,4,708,702A,1
A2,6,709,282,1
B10,2,710,145,1
D9,3,711,206,1
C10,9,712,158B,1
E8,8,713,176B,1
C1,8,714,123,1
C2,9,715,C,1
E1,6,716,530,1
D11,7,717,88,1
C11,3,719,97,1
D5,5,720,8,1
F11,NA,c1,C,1
F11,NA,c10,C,1
F11,NA,c11,C,1
F11,NA,c12,C,1
F11,NA,c13,C,1
F11,NA,c14,C,1
F11,NA,c15,C,1
F11,NA,c16,C,1
F11,NA,c17,C,1
F11,NA,c18,C,1
F11,NA,c19,C,1
F11,NA,c2,C,1
F11,NA,c20,C,1
F11,NA,c21,C,1
F11,NA,c22,C,1
F11,NA,c23,C,1
F11,NA,c24,C,1
F11,NA,c25,C,1
F11,NA,c26,C,1
F11,NA,c27,C,1
F11,NA,c28,C,1
F11,NA,c29,C,1
F11,NA,c3,C,1
F11,NA,c30,C,1
F11,NA,c31,C,1
F11,NA,c32,C,1
F11,NA,c33,C,1
F11,NA,c34,C,1
F11,NA,c35,C,1
F11,NA,c36,C,1
F11,NA,c37,C,1
F11,NA,c38 ,C,1
F12,NA,c39,C,1
F11,NA,c4,C,1
F13,NA,c40,C,1
F14,NA,c41,C,1
F15,NA,c42,C,1
F16,NA,c43,C,1
F17,NA,c44,C,1
F18,NA,c45,C,1
F19,NA,c46,C,1
F20,NA,c47,C,1
F21,NA,c48,C,1
F22,NA,c49,C,1
F11,NA,c5,C,1
F23,NA,c50 ,C,1
F24,NA,c52,C,1
F11,NA,c6,C,1
F11,NA,c7,C,1
F11,NA,c8,C,1
F11,NA,c9,C,1
A1,1,721,189,2
A1,2,722,755A,2
A1,4,724,701B,2
A1,5,725,245,2
A1,6,726,216,2
A1,7,727,739A,2
A1,8,728,303,2
A1,9,729,746A,2
A1,10,730,261,2
A2,1,731,245,2
A2,2,732,59,2
A2,3,733,358,2
A2,4,734,84,2
A2,5,735,755B,2
A2,6,736,513,2
A2,7,737,219,2
A2,8,738,342,2
A2,9,739,69,2
A2,10,740,40,2
A3,1,741,722A,2
A3,2,742,755A,2
A3,3,743,386,2
A3,4,744,325,2
A3,5,745,18,2
A3,6,746,204,2
A3,7,747,145,2
A3,8,748,80,2
A3,9,749,200,2
A3,10,750,277,2
A4,1,751,525,2
A4,2,752,25A,2
A4,3,753,10,2
A4,4,754,539,2
A4,5,755,243B,2
A4,6,756,79,2
A4,7,757,80,2
A4,8,758,199,2
A4,9,759,486,2
A4,10,760,38,2
A5,1,761,15,2
A5,2,762,247,2
A5,3,763,372,2
A5,4,764,225,2
A5,5,765,220,2
A5,6,766,508,2
A5,7,767,710B,2
A5,8,768,225,2
C13,NA,769,CC83,2
A5,10,770,67,2
A6,1,771,17,2
A6,2,772,702A,2
A6,3,773,724A,2
A6,4,774,57,2
A6,5,775,182,2
A6,6,776,C34,2
A6,7,777,523,2
A6,8,778,66,2
A6,9,779,31,2
A6,10,780,85,2
A7,1,781,231,2
A7,2,782,714A,2
A7,3,783,282,2
A7,4,784,242,2
A7,5,785,749B,2
A7,6,786,CC74,2
A7,7,787,59,2
A7,8,788,733B,2
C13,NA,789,CC77,2
A7,10,790,277,2
A8,1,791,230,2
A8,2,792,247,2
A8,3,793,278,2
A8,4,794,261,2
A8,5,795,57,2
A8,6,796,34,2
A8,7,797,322,2
A8,8,798,182,2
A8,9,799,757A,2
A8,10,800,25B,2
A9,1,801,192C,2
A9,2,802,243A,2
A9,3,803,373,2
A9,4,804,157,2
A9,5,805,530,2
A9,6,806,59,2
A9,7,807,10,2
A9,8,808,54,2
A9,9,809,757C,2
A9,10,810,755A,2
A10,1,811,230,2
A10,2,812,498,2
A10,3,813,541,2
A10,4,814,524,2
A10,5,815,319,2
A10,6,816,158A,2
A10,7,817,CC71,2
A10,8,818,325,2
A10,9,819,176A,2
A10,10,820,53,2
A11,1,821,C22,2
A11,2,822,243B,2
A11,3,823,358,2
A11,4,824,200,2
A11,5,825,749A,2
A11,6,826,25B,2
A11,7,827,92,2
A11,8,828,749B,2
A11,9,829,142,2
A11,10,830,702A,2
A12,1,831,157,2
A12,2,832,C32,2
A12,3,833,194,2
A12,4,834,123,2
A12,5,835,86,2
A12,6,836,201,2
A12,7,837,758A,2
A12,8,838,43,2
A12,9,839,755A,2
A12,10,840,220,2
B1,1,841,24,2
B1,2,842,526,2
B1,3,843,73,2
B1,4,844,33,2
B1,5,845,701B,2
B1,6,846,73,2
B1,7,847,183,2
B1,8,848,714A,2
B1,9,849,722A,2
B1,10,850,199,2
B2,1,851,15,2
B2,2,852,57,2
B2,3,853,174,2
B2,4,854,243A,2
B2,5,855,221,2
B2,6,856,169,2
B2,7,857,90B,2
C13,NA,858,CC80,2
B2,9,859,530,2
B2,10,860,83,2
B3,1,861,761A,2
B3,2,862,219,2
B3,3,863,761A,2
B3,4,864,358,2
B3,5,865,157,2
B3,6,866,6B,2
B3,7,867,79,2
B3,8,868,541,2
B3,9,869,21,2
B3,10,870,278,2
B4,1,871,86,2
B4,2,872,205,2
B4,3,873,CC72,2
B4,4,874,31,2
B4,5,875,192C,2
B4,6,876,189,2
B4,7,877,215,2
B4,8,878,714A,2
B4,9,879,526,2
B4,10,880,421,2
B5,1,881,317,2
B5,2,882,231,2
B5,3,883,417,2
B5,4,884,148B,2
B5,5,885,69,2
B5,6,886,746A,2
B5,7,887,420,2
B5,8,888,216,2
B5,9,889,422,2
B5,10,890,514,2
B6,1,891,146,2
B6,2,892,522,2
B6,3,893,C37,2
B6,4,894,722A,2
B6,5,895,62,2
B6,6,896,755A,2
B6,7,897,C29,2
B6,8,898,702A,2
B6,9,899,42,2
B6,10,900,513,2
B7,1,901,283,2
B7,2,902,303,2
B7,3,903,281,2
B7,4,904,758A,2
B7,5,905,6A,2
B7,6,906,322,2
B7,7,907,144B,2
B7,8,908,276,2
B7,9,909,710A,2
B7,10,910,33,2
B8,1,911,259,2
B8,2,912,317,2
B8,3,913,65,2
B8,4,914,748B,2
B8,5,915,530,2
B8,6,916,422,2
B8,7,917,714B,2
B8,8,918,183,2
B8,9,919,530,2
B8,10,920,761A,2
B9,1,921,740A,2
B9,2,922,38,2
B9,3,923,746B,2
B9,4,924,384,2
B9,5,925,84,2
B9,6,926,82,2
B9,7,927,761A,2
B9,8,928,221,2
B9,9,929,406,2
B9,10,930,145,2
B10,1,931,184,2
B10,2,932,522,2
B10,3,933,710B,2
B10,4,934,409,2
B10,5,935,373,2
B10,6,936,40,2
B10,7,937,158A,2
B10,8,938,406,2
B10,9,939,746B,2
B10,10,940,246,2
B11,1,941,C35,2
B11,2,942,24,2
B11,3,943,90A,2
B11,4,944,753A,2
B11,5,945,277,2
B11,6,946,523,2
B11,7,947,557,2
B11,8,948,748B,2
B11,9,949,7B,2
B11,10,950,247,2
B12,1,951,710B,2
B12,2,952,746A,2
B12,3,953,749C,2
B12,4,954,148B,2
B12,5,955,762A,2
B12,6,956,757C,2
B12,7,957,43,2
B12,8,958,508,2
B12,9,959,522,2
B12,10,960,258,2
C1,1,961,9,2
C1,2,962,726B,2
C1,3,963,757C,2
C1,4,964,146,2
C1,5,965,154,2
C1,6,966,335,2
C1,7,967,386,2
C1,8,968,225,2
C1,9,969,259,2
C1,10,970,276,2
C2,1,971,71,2
C2,2,972,90A,2
C2,3,973,557,2
C2,4,974,220,2
C2,5,975,148A,2
C2,6,976,199,2
C2,7,977,758A,2
C2,8,978,318,2
C2,9,979,259,2
C2,10,980,32,2
C3,1,981,35,2
C3,2,982,5,2
C3,3,983,318,2
C3,4,984,382,2
C3,5,985,205,2
C3,6,986,67,2
C3,7,987,533,2
C3,8,988,283,2
C3,9,989,33,2
C3,10,990,80,2
C4,1,991,16,2
C4,2,992,148B,2
C4,3,993,16,2
C4,4,994,25B,2
C4,5,995,476,2
C4,6,996,97,2
C4,7,997,726B,2
C4,8,998,557,2
C4,9,999,8,2
C4,10,1000,533,2
C5,1,1001,757A,2
C5,2,1002,25B,2
C5,3,1003,221,2
C5,4,1004,522,2
C5,5,1005,259,2
C5,6,1006,422,2
C5,7,1007,219,2
C5,8,1008,176A,2
C5,9,1009,524,2
C5,10,1010,258,2
C6,1,1011,336,2
C6,2,1012,313,2
C6,3,1013,245,2
C6,4,1014,177,2
C6,5,1015,722A,2
C6,6,1016,755A,2
C6,7,1017,406,2
C6,8,1018,281,2
C6,9,1019,753A,2
C6,10,1020,90A,2
C7,1,1021,78,2
C7,2,1022,762A,2
C13,NA,1023,CC86,2
C7,4,1024,498,2
C7,5,1025,121,2
C7,6,1026,758A,2
C7,7,1027,758A,2
C7,8,1028,758A,2
C7,9,1029,238,2
C7,10,1030,342,2
C8,1,1031,757A,2
C8,2,1032,281,2
C8,3,1033,710A,2
C8,4,1034,92,2
C8,5,1035,285,2
C8,6,1036,539,2
C8,7,1037,72,2
C8,8,1038,420,2
C8,9,1039,62,2
C8,10,1040,722B,2
C9,1,1041,761A,2
C9,2,1042,34,2
C9,3,1043,523,2
C9,4,1044,121,2
C9,5,1045,701A,2
C9,6,1046,761A,2
C9,7,1047,242,2
C9,8,1048,278,2
C9,9,1049,739A,2
C9,10,1050,409,2
C10,1,1051,486,2
C10,2,1052,420,2
C10,3,1053,248,2
C10,4,1054,762A,2
C10,5,1055,5,2
C10,6,1056,176B,2
C10,7,1057,46,2
C10,8,1058,117B,2
C10,9,1059,114,2
C10,10,1060,277,2
C11,1,1061,753A,2
C11,2,1062,CC73,2
C11,3,1063,144A,2
C11,4,1064,248,2
C11,5,1065,243A,2
C11,6,1066,C38,2
C11,7,1067,336,2
C11,8,1068,66,2
C11,9,1069,27,2
C11,10,1070,717A,2
C12,1,1071,319,2
C12,2,1072,117B,2
C12,3,1073,219,2
C12,4,1074,755B,2
C12,5,1075,417,2
C12,6,1076,5,2
C12,7,1077,142,2
C12,8,1078,201,2
C12,9,1079,523,2
C12,10,1080,313,2
D1,1,1081,540,2
D1,2,1082,757C,2
D1,3,1083,285,2
D1,4,1084,372,2
D1,5,1085,67,2
D1,6,1086,508,2
D1,7,1087,238,2
D1,8,1088,C33,2
D1,9,1089,32,2
D1,10,1090,373,2
D2,1,1091,39,2
C13,NA,1092,CC99,2
D2,3,1093,123,2
D2,4,1094,9,2
D2,5,1095,726A,2
D2,6,1096,318,2
D2,7,1097,177,2
D2,8,1098,36,2
D2,9,1099,513,2
D2,10,1100,54,2
D3,1,1101,192D,2
D3,2,1102,733A,2
D3,3,1103,714B,2
D3,4,1104,174,2
D3,5,1105,753A,2
D3,6,1106,733A,2
C13,NA,1107,CC82,2
D3,8,1108,73,2
D3,9,1109,762A,2
D3,10,1110,C31,2
D4,1,1111,C40,2
D4,2,1112,541,2
D4,3,1113,46,2
D4,4,1114,36,2
D4,5,1115,26,2
D4,6,1116,740A,2
D4,7,1117,420,2
D4,8,1118,514,2
D4,9,1119,749C,2
D4,10,1120,701A,2
D5,1,1121,726A,2
D5,2,1122,757A,2
D5,3,1123,16,2
D5,4,1124,525,2
D5,5,1125,121,2
D5,6,1126,320,2
D5,7,1127,722B,2
D5,8,1128,281,2
D5,9,1129,206,2
D5,10,1130,25B,2
D6,1,1131,710A,2
D6,2,1132,154,2
D6,3,1133,358,2
D6,4,1134,27,2
D6,5,1135,21,2
D6,6,1136,342,2
D6,7,1137,7A,2
D6,8,1138,41,2
D6,9,1139,242,2
D6,10,1140,384,2
D7,1,1141,204,2
D7,2,1142,48,2
D7,3,1143,36,2
D7,4,1144,209,2
D7,5,1145,313,2
D7,6,1146,176B,2
D7,7,1147,90B,2
D7,8,1148,336,2
D7,9,1149,221,2
D7,10,1150,755A,2
D8,1,1151,204,2
D8,2,1152,514,2
D8,3,1153,87,2
D8,4,1154,526,2
D8,5,1155,158A,2
D8,6,1156,748A,2
D8,7,1157,533,2
D8,8,1158,79,2
D8,9,1159,722B,2
D8,10,1160,71,2
D9,1,1161,539,2
D9,2,1162,325,2
D9,3,1163,525,2
D9,4,1164,144A,2
D9,5,1165,144B,2
C13,NA,1166,CC88,2
D9,7,1167,409,2
D9,8,1168,318,2
D9,9,1169,26,2
D9,10,1170,748A,2
D10,1,1171,382,2
D10,2,1172,761A,2
D10,3,1173,114,2
D10,4,1174,746A,2
D10,5,1175,C27,2
D10,6,1176,278,2
D10,7,1177,62,2
D10,8,1178,248,2
D10,9,1179,35,2
D10,10,1180,243B,2
D11,1,1181,382,2
D11,2,1182,231,2
D11,3,1183,177,2
D11,4,1184,286,2
D11,5,1185,724B,2
D11,6,1186,142,2
D11,7,1187,17,2
D11,8,1188,342,2
D11,9,1189,286,2
D11,10,1190,524,2
D12,1,1191,66,2
D12,2,1192,176B,2
D12,3,1193,42,2
D12,4,1194,286,2
D12,5,1195,83,2
D12,6,1196,286,2
D12,7,1197,276,2
D12,8,1198,325,2
D12,9,1199,749B,2
D12,10,1200,714B,2
E1,1,1201,749A,2
E1,2,1202,733A,2
E1,3,1203,283,2
E1,4,1204,541,2
E1,5,1205,25A,2
E1,6,1206,748A,2
E1,7,1207,722B,2
E1,8,1208,6A,2
E1,9,1209,85,2
E1,10,1210,762A,2
E2,1,1211,533,2
C13,NA,1212,CC84,2
E2,3,1213,C21,2
E2,4,1214,749B,2
E2,5,1215,406,2
E2,6,1216,114,2
E2,7,1217,386,2
E2,8,1218,313,2
E2,9,1219,158B,2
E2,10,1220,21,2
E3,1,1221,476,2
E3,2,1222,84,2
E3,3,1223,14,2
E3,4,1224,285,2
E3,5,1225,422,2
E3,6,1226,CC70,2
E3,7,1227,246,2
E3,8,1228,101,2
E3,9,1229,248,2
E3,10,1230,246,2
E4,1,1231,319,2
E4,2,1232,194,2
E4,3,1233,717A,2
E4,4,1234,18,2
E4,5,1235,702A,2
E4,6,1236,48,2
E4,7,1237,421,2
E4,8,1238,200,2
E4,9,1239,C23,2
E4,10,1240,158B,2
E5,1,1241,498,2
E5,2,1242,384,2
E5,3,1243,123,2
E5,4,1244,C24,2
E5,5,1245,757A,2
E5,6,1246,169,2
E5,7,1247,7B,2
E5,8,1248,72,2
E5,9,1249,317,2
E5,10,1250,220,2
E6,1,1251,18,2
E6,2,1252,726B,2
E6,3,1253,714B,2
E6,4,1254,755B,2
E6,5,1255,31,2
E6,6,1256,184,2
E6,7,1257,34,2
E6,8,1258,215,2
E6,9,1259,83,2
E6,10,1260,717A,2
E7,1,1261,755A,2
E7,2,1262,141,2
E7,3,1263,78,2
E7,4,1264,724B,2
E7,5,1265,7A,2
E7,6,1266,97,2
C13,NA,1267,CC87,2
E7,8,1268,82,2
E7,9,1269,54,2
E7,10,1270,421,2
E8,1,1271,701B,2
E8,2,1272,757C,2
E8,3,1273,230,2
E8,4,1274,101,2
E8,5,1275,243A,2
E8,6,1276,82,2
E8,7,1277,386,2
E8,8,1278,32,2
E8,9,1279,282,2
E8,10,1280,322,2
E9,1,1281,69,2
C13,NA,1282,CC79,2
E9,3,1283,10,2
E9,4,1284,41,2
E9,5,1285,320,2
E9,6,1286,417,2
E9,7,1287,191,2
C13,NA,1288,CC90,2
E9,9,1289,146,2
E9,10,1290,176A,2
E10,1,1291,209,2
E10,2,1292,372,2
E10,3,1293,192D,2
E10,4,1294,101,2
E10,5,1295,724B,2
E10,6,1296,524,2
E10,7,1297,486,2
E10,8,1298,225,2
E10,9,1299,724B,2
E10,10,1300,205,2
E11,1,1301,476,2
E11,2,1302,755A,2
E11,3,1303,762A,2
E11,4,1304,758A,2
E11,5,1305,514,2
E11,6,1306,755B,2
E11,7,1307,231,2
C13,NA,1308,CC85,2
E11,9,1309,740A,2
E11,10,1310,8,2
E12,1,1311,17,2
E12,2,1312,245,2
E12,3,1313,748B,2
E12,4,1314,42,2
E12,5,1315,72,2
E12,6,1316,749A,2
E12,7,1317,144B,2
E12,8,1318,557,2
E12,9,1319,319,2
E12,10,1320,191,2
F1,1,1321,320,2
F1,2,1322,78,2
F1,3,1323,169,2
F1,4,1324,382,2
F1,5,1325,6B,2
F1,6,1326,724A,2
F1,7,1327,540,2
F1,8,1328,71,2
F1,9,1329,733B,2
F1,10,1330,6A,2
F2,1,1331,317,2
F2,2,1332,215,2
F2,3,1333,498,2
F2,4,1334,141,2
F2,5,1335,90B,2
F2,6,1336,242,2
F2,7,1337,144A,2
F2,8,1338,41,2
F2,9,1339,373,2
F2,10,1340,733B,2
F3,1,1341,710B,2
F3,2,1342,276,2
F3,3,1343,322,2
F3,4,1344,35,2
F3,5,1345,258,2
F3,6,1346,748B,2
F3,7,1347,540,2
F3,8,1348,39,2
F3,9,1349,755A,2
F3,10,1350,726B,2
F4,1,1351,710A,2
F4,2,1352,145,2
F4,3,1353,303,2
F4,4,1354,409,2
F4,5,1355,183,2
F4,6,1356,726A,2
F4,7,1357,733A,2
F4,8,1358,238,2
F4,9,1359,8,2
F4,10,1360,C25,2
F5,1,1361,38,2
F5,2,1362,86,2
F5,3,1363,48,2
F5,4,1364,206,2
F5,5,1365,701B,2
F5,6,1366,87,2
F5,7,1367,757A,2
F5,8,1368,540,2
F5,9,1369,335,2
F5,10,1370,740A,2
F6,1,1371,701A,2
F6,2,1372,285,2
F6,3,1373,258,2
F6,4,1374,701A,2
F6,5,1375,88,2
F6,6,1376,724A,2
F6,7,1377,336,2
F6,8,1378,C26,2
F6,9,1379,733B,2
F6,10,1380,261,2
F7,1,1381,141,2
F7,2,1382,724A,2
F7,3,1383,757C,2
F7,4,1384,417,2
F7,5,1385,717A,2
C13,NA,1386,CC78,2
F7,7,1387,757C,2
F7,8,1388,283,2
F7,9,1389,526,2
F7,10,1390,201,2
F8,1,1391,158B,2
F8,2,1392,194,2
F8,3,1393,755A,2
F8,4,1394,486,2
F8,5,1395,525,2
F8,6,1396,93,2
F8,7,1397,C28,2
F8,8,1398,749C,2
F8,9,1399,25A,2
F8,10,1400,539,2
F9,1,1401,320,2
F9,2,1402,209,2
F9,3,1403,757A,2
C13,NA,1404,CC81,2
F9,5,1405,243B,2
F9,6,1406,748A,2
F9,7,1407,27,2
F9,8,1408,144B,2
F9,9,1409,92,2
F9,10,1410,46,2
F10,1,1411,384,2
F10,2,1412,85,2
F10,3,1413,508,2
F10,4,1414,87,2
F10,5,1415,C39,2
F10,6,1416,192D,2
F10,7,1417,238,2
F10,8,1418,C30,2
F10,9,1419,65,2
F10,10,1420,714A,2
F11,1,1421,247,2
F11,2,1422,93,2
F11,3,1423,148A,2
F11,4,1424,726A,2
F11,5,1425,746B,2
F11,6,1426,230,2
F11,7,1427,261,2
F11,8,1428,746B,2
F11,9,1429,513,2
F11,10,1430,749C,2
F12,1,1431,117B,2
F12,2,1432,93,2
F12,3,1433,282,2
F12,4,1434,14,2
F12,5,1435,14,2
F12,6,1436,206,2
F12,7,1437,762A,2
F12,8,1438,191,2
F12,9,1439,739A,2
F12,10,1440,24,2
A13,1,1441,216,2
A13,2,1442,39,2
A13,3,1443,192C,2
A13,4,1444,53,2
A13,5,1445,421,2
A13,6,1446,749A,2
A13,7,1447,15,2
A13,8,1448,40,2
A13,9,1449,154,2
A13,10,1450,43,2
B13,1,1451,739A,2
C13,NA,1452,CC75,2
B13,3,1453,9,2
B13,4,1454,174,2
C13,NA,1455,CC76,2
B13,6,1456,53,2
B13,7,1457,7B,2
B13,8,1458,189,2
B13,9,1459,C36,2
B13,10,1460,335,2
E13,1,1461,335,2
E13,2,1462,65,2
E13,3,1463,372,2
E13,4,1464,26,2
E13,5,1465,7A,2
E13,6,1466,184,2
E13,7,1467,97,2
E13,8,1468,246,2
E13,9,1469,303,2
E13,10,1470,6B,2
E13,11,1471,182,2
A1,2,1501,7A,3
A1,3,1502,32,3
A1,4,1503,15,3
A1,6,1505,142,3
A1,7,1506,336,3
A1,8,1507,88,3
A1,9,1508,73,3
A1,10,1509,733A,3
A2,1,1510,38,3
A2,3,1512,523,3
A2,4,1513,524,3
A2,5,1514,201,3
A2,6,1515,65,3
A2,7,1516,209,3
A2,8,1517,189,3
A2,9,1518,513,3
A3,1,1520,539,3
A3,2,1521,101,3
A3,3,1522,714A,3
A3,4,1523,78,3
A3,5,1524,32,3
A3,6,1525,148B,3
A3,8,1526,417,3
A3,9,1527,5,3
A3,10,1528,317,3
A4,1,1529,476,3
A4,2,1530,48,3
A4,3,1531,242,3
A4,4,1532,219,3
A4,5,1533,7A,3
A4,6,1534,38,3
A4,7,1535,248,3
A4,8,1536,194,3
A4,9,1537,722A,3
A4,10,1538,476,3
A5,1,1539,6A,3
A5,2,1540,372,3
A5,3,1541,522,3
A5,4,1542,88,3
A5,5,1543,225,3
A5,6,1544,87,3
A5,7,1545,192C,3
A5,8,1546,80,3
A5,9,1547,230,3
A5,10,1548,C,3
A6,1,1549,154,3
A6,2,1550,17,3
A6,3,1551,C,3
A6,4,1552,43,3
A6,5,1553,C,3
A6,6,1554,C,3
A6,7,1555,73,3
A6,8,1556,88,3
A6,9,1557,88,3
A6,10,1558,476,3
A7,1,1559,231,3
A7,2,1560,14,3
A7,3,1561,322,3
A7,4,1562,C,3
A7,5,1563,71,3
A7,6,1564,93,3
A7,7,1565,373,3
A7,8,1566,762A,3
A7,9,1567,C,3
A7,10,1568,79,3
A8,1,1569,714B,3
A8,2,1570,C,3
A8,3,1571,C,3
A8,4,1572,336,3
A8,5,1573,123,3
A8,6,1574,758A,3
A8,7,1575,59,3
A8,8,1576,72,3
A8,9,1577,5,3
A8,10,1578,191,3
A9,1,1579,522,3
A9,2,1580,318,3
A9,3,1581,86,3
A9,4,1582,121,3
A9,5,1583,144A,3
A9,6,1584,89,3
A9,7,1585,90A,3
A9,8,1586,276,3
A9,9,1587,59,3
A9,10,1588,335,3
A10,1,1589,21,3
A10,2,1590,42,3
A10,3,1591,285,3
A10,4,1592,183,3
A10,5,1593,65,3
A10,6,1594,36,3
A10,7,1595,702A,3
A10,8,1596,27,3
A10,9,1597,533,3
A10,10,1598,89,3
A11,1,1599,46,3
A11,2,1600,157,3
A11,3,1601,276,3
A11,4,1602,243B,3
A11,5,1603,246,3
A11,6,1604,C,3
A11,8,1605,524,3
A11,9,1606,319,3
A11,10,1607,508,3
A12,1,1608,42,3
A12,2,1609,6B,3
A12,3,1610,215,3
A12,4,1611,C,3
A12,5,1612,158A,3
A12,6,1613,87,3
A12,7,1614,57,3
A12,8,1615,748A,3
A12,9,1616,145,3
A12,10,1617,205,3
A13,1,1618,733A,3
A13,2,1619,35,3
A13,3,1620,176B,3
A13,4,1621,557,3
A13,5,1622,89,3
A13,6,1623,746A,3
A13,7,1624,530,3
A13,8,1625,261,3
A13,9,1626,114,3
A13,10,1627,154,3
A14,1,1628,C,3
A14,2,1629,220,3
A14,3,1630,C,3
A14,4,1631,78,3
A14,5,1632,174,3
A14,6,1633,726A,3
A14,7,1634,726B,3
A14,8,1635,82,3
A14,9,1636,5,3
A14,10,1637,406,3
B1,2,1639,335,3
B1,3,1640,733B,3
B1,4,1641,386,3
B1,5,1642,83,3
B1,6,1643,7B,3
B1,7,1644,40,3
B1,8,1645,342,3
B1,9,1646,221,3
B1,10,1647,89,3
B2,1,1648,205,3
B2,2,1649,183,3
B2,3,1650,259,3
B2,4,1651,541,3
B2,6,1653,755A,3
B2,7,1654,373,3
B2,8,1655,144B,3
B2,9,1656,82,3
B2,10,1657,243B,3
B3,1,1658,278,3
B3,2,1659,701B,3
B3,3,1660,84,3
B3,4,1661,498,3
B3,5,1662,176A,3
B3,6,1663,319,3
B3,8,1665,755B,3
B3,9,1666,141,3
B3,10,1667,176A,3
B4,1,1668,21,3
B4,2,1669,17,3
B4,3,1670,192D,3
B4,4,1671,194,3
B4,5,1672,746B,3
B4,6,1673,717A,3
B4,7,1674,749C,3
B4,8,1675,238,3
B4,9,1676,277,3
B4,10,1677,557,3
B5,1,1678,205,3
B5,2,1679,15,3
B5,3,1680,726A,3
B5,4,1681,325,3
B5,5,1682,200,3
B5,6,1683,726A,3
B5,7,1684,762A,3
B5,8,1685,33,3
B5,9,1686,C,3
B5,10,1687,69,3
B6,3,1690,C,3
B6,4,1691,78,3
B6,5,1692,710A,3
B6,6,1693,476,3
B6,7,1694,372,3
B6,8,1695,757A,3
B6,9,1696,34,3
B6,10,1697,158A,3
B7,1,1698,286,3
B7,2,1699,48,3
B7,3,1700,216,3
B7,4,1701,205,3
B7,5,1702,C,3
B7,6,1703,C,3
B7,7,1704,261,3
B7,8,1705,421,3
B7,9,1706,114,3
B7,10,1707,16,3
B8,1,1708,8,3
B8,2,1709,16,3
B8,3,1710,141,3
B8,4,1711,42,3
B8,5,1712,C,3
B8,6,1713,710B,3
B8,8,1714,749C,3
B8,9,1715,146,3
B8,10,1716,C,3
B9,1,1717,25B,3
B9,2,1718,216,3
B9,3,1719,761A,3
B9,4,1720,123,3
B9,5,1721,46,3
B9,6,1722,117B,3
B9,7,1723,144B,3
B9,8,1724,25B,3
B9,9,1725,422,3
B9,10,1726,204,3
B10,1,1727,40,3
B10,2,1728,57,3
B10,3,1729,79,3
B10,4,1730,C,3
B10,5,1731,7A,3
B10,6,1732,6B,3
B10,7,1733,191,3
B10,8,1734,724A,3
B10,9,1735,C,3
B10,10,1736,C,3
B11,1,1737,540,3
B11,2,1738,26,3
B11,3,1739,525,3
B11,4,1740,121,3
B11,5,1741,417,3
B11,6,1742,34,3
B11,7,1743,90A,3
B11,8,1744,25A,3
B11,9,1745,92,3
B11,10,1746,40,3
B12,1,1747,177,3
B12,2,1748,384,3
B12,3,1749,247,3
B12,4,1750,146,3
B12,5,1751,748A,3
B12,6,1752,90A,3
B12,7,1753,533,3
B12,8,1754,248,3
B12,9,1755,40,3
B12,10,1756,749A,3
B13,1,1757,C,3
B13,2,1758,184,3
B13,3,1759,C,3
B13,4,1760,154,3
B13,5,1761,230,3
B13,6,1762,93,3
B13,7,1763,66,3
B13,8,1764,10,3
B13,9,1765,101,3
B13,10,1766,C,3
B14,1,1767,746A,3
B14,2,1768,174,3
B14,3,1769,325,3
B14,4,1770,C,3
B14,5,1771,C,3
B14,6,1772,14,3
B14,7,1773,35,3
B14,8,1774,724A,3
B14,9,1775,382,3
B14,10,1776,83,3
C1,1,1777,192D,3
C1,2,1778,145,3
C1,3,1779,C,3
C1,4,1780,123,3
C1,5,1781,6B,3
C1,6,1782,739A,3
C1,7,1783,C,3
C1,8,1784,726B,3
C1,9,1785,83,3
C1,10,1786,59,3
C2,1,1787,39,3
C2,2,1788,508,3
C2,3,1789,219,3
C2,4,1790,9,3
C2,5,1791,21,3
C2,6,1792,246,3
C2,7,1793,225,3
C2,8,1794,65,3
C2,9,1795,169,3
C2,10,1796,757C,3
C3,1,1797,701B,3
C3,2,1798,C,3
C3,3,1799,C,3
C3,4,1800,26,3
C3,5,1801,5,3
C3,6,1802,90A,3
C3,7,1803,539,3
C3,8,1804,201,3
C3,9,1805,97,3
C3,10,1806,386,3
C4,1,1807,17,3
C4,2,1808,740A,3
C4,3,1809,169,3
C4,4,1810,317,3
C4,5,1811,C,3
C4,6,1812,242,3
C4,7,1813,C,3
C4,8,1814,243A,3
C4,9,1815,406,3
C4,10,1816,53,3
C5,1,1817,243A,3
C5,2,1818,C,3
C5,3,1819,177,3
C5,4,1820,522,3
C5,5,1821,25B,3
C5,6,1822,286,3
C5,7,1823,C,3
C5,8,1824,6B,3
C5,9,1825,192C,3
C5,10,1826,157,3
C6,1,1827,C,3
C6,2,1828,524,3
C6,3,1829,176B,3
C6,4,1830,67,3
C6,5,1831,259,3
C6,6,1832,319,3
C6,7,1833,277,3
C6,8,1834,762A,3
C6,9,1835,148A,3
C6,10,1836,42,3
C7,1,1837,34,3
C7,2,1838,317,3
C7,3,1839,525,3
C7,4,1840,320,3
C7,5,1841,420,3
C7,6,1842,62,3
C7,7,1843,85,3
C7,9,1845,141,3
C7,10,1846,8,3
C8,1,1847,C,3
C8,2,1848,514,3
C8,3,1849,303,3
C8,4,1850,245,3
C8,5,1851,54,3
C8,6,1852,746A,3
C8,7,1853,16,3
C8,9,1855,303,3
C8,10,1856,71,3
C9,1,1857,221,3
C9,2,1858,59,3
C9,3,1859,62,3
C9,4,1860,755A,3
C9,5,1861,79,3
C9,6,1862,749B,3
C9,7,1863,247,3
C9,8,1864,144B,3
C9,9,1865,54,3
C9,10,1866,38,3
C10,1,1867,80,3
C10,2,1868,78,3
C10,3,1869,215,3
C10,4,1870,204,3
C10,5,1871,C,3
C10,6,1872,80,3
C10,7,1873,41,3
C10,8,1874,158B,3
C10,9,1875,C,3
C11,1,1877,46,3
C11,2,1878,C,3
C11,3,1879,C,3
C11,4,1880,722B,3
C11,5,1881,18,3
C11,6,1882,144B,3
C11,7,1883,54,3
C11,8,1884,148B,3
C11,9,1885,31,3
C11,10,1886,420,3
C12,1,1887,243B,3
C12,2,1888,342,3
C12,3,1889,43,3
C12,4,1890,C,3
C12,5,1891,97,3
C12,6,1892,258,3
C12,7,1893,117B,3
C12,8,1894,215,3
C12,9,1895,121,3
C12,10,1896,281,3
C13,1,1897,32,3
C13,2,1898,248,3
C13,3,1899,31,3
C13,4,1900,48,3
C13,5,1901,C,3
C13,6,1902,62,3
C13,7,1903,753A,3
C13,8,1904,144A,3
C13,9,1905,148B,3
C13,10,1906,65,3
C14,1,1907,66,3
C14,2,1908,C,3
C14,3,1909,325,3
C14,4,1910,53,3
C14,5,1911,358,3
C14,6,1912,320,3
C14,7,1913,C,3
C14,8,1914,739A,3
C14,9,1915,194,3
C14,10,1916,67,3
D1,1,1917,146,3
D1,2,1918,749B,3
D1,3,1919,148A,3
D1,4,1920,358,3
D1,5,1921,526,3
D1,6,1922,749C,3
D1,7,1923,174,3
D1,8,1924,154,3
D1,9,1925,192D,3
D1,10,1926,39,3
D2,1,1927,43,3
D2,2,1928,540,3
D2,3,1929,86,3
D2,4,1930,530,3
D2,5,1931,142,3
D2,6,1932,409,3
D2,7,1933,9,3
D2,8,1934,189,3
D2,9,1935,90B,3
D2,10,1936,199,3
D3,1,1937,386,3
D3,2,1938,7B,3
D3,3,1939,C,3
D3,4,1940,26,3
D3,5,1941,90B,3
D3,6,1942,335,3
D3,7,1943,84,3
D3,8,1944,220,3
D3,9,1945,C,3
D3,10,1946,245,3
D4,1,1947,219,3
D4,2,1948,34,3
D4,3,1949,525,3
D4,4,1950,86,3
D4,5,1951,714A,3
D4,6,1952,174,3
D4,7,1953,C,3
D4,8,1954,184,3
D4,9,1955,72,3
D4,10,1956,145,3
D5,1,1957,753A,3
D5,2,1958,83,3
D5,3,1959,183,3
D5,4,1960,313,3
D5,5,1961,40,3
D5,6,1962,93,3
D5,7,1963,41,3
D5,8,1964,24,3
D5,9,1965,36,3
D5,10,1966,C,3
D6,1,1967,39,3
D6,2,1968,757A,3
D6,3,1969,176A,3
D6,4,1970,755B,3
D6,5,1971,8,3
D6,6,1972,66,3
D6,7,1973,746B,3
D6,8,1974,336,3
D6,9,1975,10,3
D6,10,1976,57,3
D7,1,1977,101,3
D7,2,1978,C,3
D7,3,1979,206,3
D7,4,1980,209,3
D7,5,1981,84,3
D7,6,1982,281,3
D7,7,1983,C,3
D7,8,1984,169,3
D7,9,1985,303,3
D7,10,1986,191,3
D8,1,1987,508,3
D8,2,1988,177,3
D8,3,1989,C,3
D8,4,1990,C,3
D8,5,1991,221,3
D8,6,1992,422,3
D8,7,1993,39,3
D8,8,1994,258,3
D8,9,1995,C,3
D8,10,1996,313,3
D9,1,1997,533,3
D9,2,1998,722B,3
D9,3,1999,157,3
D9,4,2000,C,3
D9,5,2001,409,3
D9,6,2002,714B,3
D9,7,2003,757C,3
D9,8,2004,92,3
D9,9,2005,476,3
D9,10,2006,C,3
D10,1,2007,114,3
D10,2,2008,189,3
D10,3,2009,157,3
D10,4,2010,318,3
D10,5,2011,14,3
D10,6,2012,79,3
D10,7,2013,84,3
D10,8,2014,259,3
D10,9,2015,146,3
D10,10,2016,199,3
D11,1,2017,514,3
D11,2,2018,73,3
D11,3,2019,18,3
D11,4,2020,199,3
D11,5,2021,748B,3
D11,6,2022,189,3
D11,7,2023,539,3
D11,8,2024,726B,3
D11,9,2025,733A,3
D11,10,2026,285,3
D12,1,2027,384,3
D12,2,2028,216,3
D12,3,2029,184,3
D12,4,2030,144A,3
D12,6,2032,710B,3
D12,8,2034,182,3
D12,9,2035,192D,3
D12,10,2036,15,3
D13,1,2037,523,3
D13,2,2038,373,3
D13,3,2039,86,3
D13,4,2040,18,3
D13,5,2041,25A,3
D13,6,2042,57,3
D13,7,2043,176B,3
D13,8,2044,33,3
D13,9,2045,191,3
D13,10,2046,406,3
D14,1,2047,372,3
D14,2,2048,C,3
D14,3,2049,733B,3
D14,4,2050,322,3
D14,5,2051,87,3
D14,6,2052,26,3
D14,7,2053,71,3
D14,8,2054,72,3
D14,9,2055,342,3
D14,10,2056,755A,3
E1,1,2057,18,3
E1,2,2058,82,3
E1,3,2059,66,3
E1,4,2060,230,3
E1,5,2061,245,3
E1,6,2062,382,3
E1,7,2063,121,3
E1,8,2064,757C,3
E1,9,2065,420,3
E1,10,2066,358,3
E2,2,2068,27,3
E2,3,2069,283,3
E2,4,2070,158B,3
E2,5,2071,35,3
E2,6,2072,21,3
E2,7,2073,35,3
E2,8,2074,201,3
E2,10,2076,246,3
E3,1,2077,220,3
E3,2,2078,73,3
E3,3,2079,36,3
E3,4,2080,717A,3
E3,5,2081,498,3
E3,6,2082,145,3
E3,7,2083,526,3
E3,8,2084,382,3
E3,10,2086,200,3
E4,1,2087,182,3
E4,2,2088,24,3
E4,3,2089,40,3
E4,4,2090,183,3
E4,5,2091,192C,3
E4,6,2092,C,3
E4,7,2093,192C,3
E4,8,2094,282,3
E4,9,2095,16,3
E4,10,2096,6A,3
E5,1,2097,748A,3
E5,2,2098,8,3
E5,3,2099,486,3
E5,4,2100,733B,3
E5,5,2101,C,3
E5,7,2102,7A,3
E5,8,2103,182,3
E5,9,2104,97,3
E5,10,2105,513,3
E6,1,2106,C,3
E6,3,2108,148A,3
E6,4,2109,176A,3
E6,5,2110,72,3
E6,6,2111,282,3
E6,7,2112,C,3
E6,8,2113,206,3
E6,9,2114,283,3
E6,10,2115,41,3
E7,2,2117,753A,3
E7,3,2118,24,3
E7,4,2119,243A,3
E7,5,2120,31,3
E7,6,2121,701A,3
E7,7,2122,158A,3
E7,8,2123,25B,3
E7,9,2124,24,3
E7,10,2125,541,3
E8,1,2126,169,3
E8,2,2127,557,3
E8,3,2128,749A,3
E8,4,2129,69,3
E8,5,2130,40,3
E8,6,2131,242,3
E8,7,2132,522,3
E8,8,2133,702A,3
E8,9,2134,41,3
E9,1,2135,758A,3
E9,2,2136,421,3
E9,3,2137,209,3
E9,4,2138,117B,3
E9,5,2139,201,3
E9,7,2141,757A,3
E9,8,2142,27,3
E9,9,2143,417,3
E9,10,2144,141,3
E10,1,2145,41,3
E10,2,2146,421,3
E10,3,2147,216,3
E10,4,2148,320,3
E10,5,2149,724A,3
E10,6,2150,87,3
E10,7,2151,25A,3
E10,9,2153,313,3
E10,10,2154,200,3
E11,1,2155,209,3
E11,2,2156,206,3
E11,3,2157,148A,3
E11,4,2158,184,3
E11,5,2159,286,3
E11,6,2160,204,3
E11,7,2161,722B,3
E11,8,2162,530,3
E11,10,2164,740A,3
E12,1,2165,285,3
E12,2,2166,48,3
E12,3,2167,409,3
E12,4,2168,215,3
E12,5,2169,526,3
E12,6,2170,41,3
E12,7,2171,717A,3
E12,8,2172,62,3
E12,9,2173,9,3
E12,10,2174,714A,3
E13,1,2175,238,3
E13,2,2176,158B,3
E13,3,2177,53,3
E13,5,2179,7B,3
E13,6,2180,748B,3
E13,8,2182,71,3
E13,9,2183,123,3
E13,10,2184,714B,3
E14,1,2185,710B,3
E14,2,2186,144A,3
E14,3,2187,80,3
E14,4,2188,710A,3
E14,5,2189,276,3
E14,6,2190,38,3
E14,7,2191,523,3
E14,8,2192,318,3
E14,9,2193,142,3
E14,10,2194,15,3
F1,1,2195,486,3
F1,2,2196,176B,3
F1,3,2197,231,3
F1,4,2198,384,3
F1,5,2199,258,3
F1,6,2200,514,3
F1,7,2201,36,3
F1,8,2202,25A,3
F1,9,2203,513,3
F1,10,2204,740A,3
F2,1,2205,90B,3
F2,3,2207,206,3
F2,4,2208,85,3
F2,6,2210,701A,3
F2,7,2211,701A,3
F2,8,2212,739A,3
F2,9,2213,93,3
F2,10,2214,53,3
F3,1,2215,32,3
F3,2,2216,753B,3
F3,3,2217,261,3
F3,4,2218,422,3
F3,5,2219,148B,3
F3,6,2220,238,3
F3,7,2221,6A,3
F3,8,2222,231,3
F3,9,2223,717A,3
F3,10,2224,204,3
F4,1,2225,7B,3
F4,2,2226,722A,3
F4,3,2227,69,3
F4,4,2228,701B,3
F4,5,2229,92,3
F4,6,2230,758A,3
F4,7,2231,82,3
F4,8,2232,6A,3
F4,9,2233,101,3
F4,10,2234,486,3
F5,1,2235,753B,3
F5,2,2236,541,3
F5,3,2237,753B,3
F5,4,2238,710A,3
F5,5,2239,10,3
F5,6,2240,749B,3
F5,7,2241,97,3
F5,8,2242,194,3
F5,9,2243,702A,3
F6,1,2245,67,3
F6,2,2246,281,3
F6,3,2247,749A,3
F6,5,2249,33,3
F6,6,2250,761A,3
F6,7,2251,182,3
F6,8,2252,114,3
F6,10,2254,14,3
F7,1,2255,85,3
F7,2,2256,69,3
F7,3,2257,282,3
F7,4,2258,755B,3
F7,5,2259,722A,3
F7,6,2260,142,3
F7,7,2261,702A,3
F7,8,2262,724B,3
F7,9,2263,17,3
F7,10,2264,225,3
F8,1,2265,540,3
F8,3,2267,724B,3
F8,4,2268,724B,3
F8,5,2269,200,3
F8,6,2270,498,3
F8,7,2271,9,3
F8,8,2272,761A,3
F8,9,2273,476,3
F8,10,2274,177,3
F9,2,2276,158A,3
F9,3,2277,322,3
F9,4,2278,54,3
F9,6,2280,278,3
F9,7,2281,31,3
F9,8,2282,283,3
F9,10,2284,199,3
F10,1,2285,27,3
F10,2,2286,247,3
F10,3,2287,C,3
F10,4,2288,746B,3
F10,5,2289,85,3
F10,6,2290,33,3
F10,7,2291,277,3
F10,8,2292,67,3
F10,9,2293,46,3
F10,10,2294,748B,3
F11,2,2296,41,3
F11,3,2297,117B,3
F11,4,2298,43,3
F11,5,2299,10,3
F11,6,2300,158B,3
F11,7,2301,733B,3
F11,8,2302,278,3
F11,9,2303,90B,3
F11,10,2304,92,3
F12,1,C1,CE,3
F12,10,C10,CE,3
F13,1,C11,CE,3
F13,2,C12,CE,3
F13,3,C13,CE,3
F13,4,C14,CE,3
F13,5,C15,CE,3
F13,6,C16,CE,3
F13,7,C17,CE,3
F13,8,C18,CE,3
F13,9,C19,CE,3
F12,2,C2,CE,3
F13,10,C20,CE,3
F12,3,C3,CE,3
F12,4,C4,CE,3
F12,5,C5,CE,3
F12,6,C6,CE,3
F12,7,C7,CE,3
F12,8,C8,CE,3
F12,9,C9,CE,3
A1,1,2401,6B,4
A1,2,2402,32,4
A1,3,2403,724A,4
A1,4,2404,701A,4
A1,5,2405,C2,4
A1,6,2406,205,4
A1,7,2407,87,4
A1,8,2408,722B,4
A1,9,2409,9,4
A1,10,2410,38,4
A2,1,2411,14,4
A2,2,2412,93,4
A2,3,2413,66,4
A2,4,2414,508,4
A2,5,2415,21,4
A2,6,2416,182,4
A2,7,2417,221,4
A2,8,2418,191,4
A2,9,2419,15,4
A2,10,2420,746B,4
A3,1,2421,526,4
A3,2,2422,34,4
A3,3,2423,88,4
A3,4,2424,31,4
A3,5,2425,422,4
A3,6,2426,157,4
A3,7,2427,71,4
A3,8,2428,80,4
A3,9,2429,231,4
A3,10,2430,724B,4
A4,1,2431,514,4
A4,2,2432,372,4
A4,3,2433,215,4
A4,4,2434,733B,4
A4,5,2435,142,4
A4,6,2436,238,4
A4,7,2437,322,4
A4,8,2438,176A,4
A4,9,2439,508,4
A4,10,2440,749A,4
A5,1,2441,27,4
A5,2,2442,303,4
A5,3,2443,261,4
A5,4,2444,282,4
A5,5,2445,746A,4
A5,6,2446,486,4
A5,7,2447,176A,4
A5,8,2448,758A,4
A5,9,2449,65,4
A5,10,2450,717A,4
A6,1,2451,358,4
A6,2,2452,748A,4
A6,3,2453,406,4
A6,4,2454,702A,4
A6,5,2455,177,4
A6,6,2456,245,4
A6,7,2457,476,4
A6,8,2458,200,4
A6,9,2459,123,4
A6,10,2460,336,4
A7,1,2461,755B,4
A7,2,2462,313,4
A7,3,2463,36,4
A7,4,2464,85,4
A7,5,2465,191,4
A7,6,2466,87,4
A7,7,2467,748B,4
A7,8,2468,66,4
A7,9,2469,317,4
A7,10,2470,14,4
A8,1,2471,90A,4
A8,2,2472,65,4
A8,3,2473,182,4
A8,4,2474,201,4
A8,5,2475,514,4
A8,6,2476,317,4
A8,7,2477,146,4
A8,8,2478,88,4
A8,9,2479,78,4
A8,10,2480,243A,4
A9,1,2481,225,4
A9,2,2482,319,4
A9,3,2483,200,4
A9,4,2484,43,4
A9,5,2485,514,4
A9,6,2486,90A,4
A9,7,2487,230,4
A9,8,2488,746B,4
A9,9,2489,758A,4
A9,10,2490,42,4
A10,1,2491,117B,4
A10,2,2492,97,4
A10,3,2493,6A,4
A10,4,2494,158B,4
A10,5,2495,757C,4
A10,6,2496,C13,4
A10,7,2497,84,4
A10,8,2498,219,4
A10,9,2499,248,4
A10,10,2500,749B,4
A11,1,2501,325,4
A11,2,2502,123,4
A11,3,2503,144B,4
A11,4,2504,C3,4
A11,5,2505,199,4
A11,6,2506,722B,4
A11,7,2507,72,4
A11,8,2508,247,4
A11,9,2509,154,4
A11,10,2510,246,4
A12,1,2511,32,4
A12,2,2512,26,4
A12,3,2513,27,4
A12,4,2514,5,4
A12,5,2515,557,4
A12,6,2516,753B,4
A12,7,2517,176B,4
A12,8,2518,216,4
A12,9,2519,243A,4
A12,10,2520,59,4
B1,1,2521,42,4
B1,2,2522,65,4
B1,3,2523,523,4
B1,4,2524,24,4
B1,5,2525,701A,4
B1,6,2526,148A,4
B1,7,2527,C18,4
B1,8,2528,557,4
B1,9,2529,38,4
B1,10,2530,158B,4
B2,1,2531,83,4
B2,2,2532,69,4
B2,3,2533,C4,4
B2,4,2534,205,4
B2,5,2535,C12,4
B2,6,2536,86,4
B2,7,2537,158A,4
B2,8,2538,114,4
B2,9,2539,409,4
B2,10,2540,145,4
B3,1,2541,97,4
B3,2,2542,541,4
B3,3,2543,753A,4
B3,4,2544,6A,4
B3,5,2545,C9,4
B3,6,2546,53,4
B3,7,2547,145,4
B3,8,2548,714A,4
B3,9,2549,557,4
B3,10,2550,5,4
B4,1,2551,476,4
B4,2,2552,409,4
B4,3,2553,154,4
B4,4,2554,144A,4
B4,5,2555,9,4
B4,6,2556,525,4
B4,7,2557,42,4
B4,8,2558,C11,4
B4,9,2559,177,4
B4,10,2560,757A,4
B5,1,2561,84,4
B5,2,2562,710A,4
B5,3,2563,89,4
B5,4,2564,238,4
B5,5,2565,530,4
B5,6,2566,710A,4
B5,7,2567,726A,4
B5,8,2568,24,4
B5,9,2569,33,4
B5,10,2570,749B,4
B6,1,2571,41,4
B6,2,2572,717A,4
B6,3,2573,194,4
B6,4,2574,757C,4
B6,5,2575,746A,4
B6,6,2576,82,4
B6,7,2577,533,4
B6,8,2578,733A,4
B6,9,2579,26,4
B6,10,2580,83,4
B7,1,2581,15,4
B7,2,2582,101,4
B7,3,2583,753A,4
B7,4,2584,25B,4
B7,5,2585,67,4
B7,6,2586,281,4
B7,7,2587,121,4
B7,8,2588,525,4
B7,9,2589,761A,4
B7,10,2590,40,4
B8,1,2591,C20,4
B8,2,2592,335,4
B8,3,2593,41,4
B8,4,2594,714B,4
B8,5,2595,248,4
B8,6,2596,758A,4
B8,7,2597,242,4
B8,8,2598,157,4
B8,9,2599,17,4
B8,10,2600,726B,4
B9,1,2601,276,4
B9,2,2602,93,4
B9,3,2603,740A,4
B9,4,2604,43,4
B9,5,2605,701A,4
B9,6,2606,406,4
B9,7,2607,80,4
B9,8,2608,276,4
B9,9,2609,34,4
B9,10,2610,121,4
B10,1,2611,285,4
B10,2,2612,221,4
B10,3,2613,382,4
B10,4,2614,169,4
B10,5,2615,245,4
B10,6,2616,82,4
B10,7,2617,278,4
B10,8,2618,80,4
B10,9,2619,144A,4
B10,10,2620,194,4
B11,1,2621,261,4
B11,2,2622,420,4
B11,3,2623,230,4
B11,4,2624,278,4
B11,5,2625,17,4
B11,6,2626,243B,4
B11,7,2627,722A,4
B11,8,2628,89,4
B11,9,2629,216,4
B11,10,2630,177,4
B12,1,2631,16,4
B12,2,2632,261,4
B12,3,2633,714B,4
B12,4,2634,714B,4
B12,5,2635,533,4
B12,6,2636,72,4
B12,7,2637,246,4
B12,8,2638,749C,4
B12,9,2639,57,4
B12,10,2640,373,4
C1,1,2641,8,4
C1,2,2642,18,4
C1,3,2643,701B,4
C1,4,2644,714A,4
C1,5,2645,192D,4
C1,6,2646,206,4
C1,7,2647,21,4
C1,8,2648,C14,4
C1,9,2649,C19,4
C1,10,2650,530,4
C2,1,2651,710B,4
C2,2,2652,541,4
C2,3,2653,486,4
C2,4,2654,733B,4
C2,5,2655,84,4
C2,6,2656,258,4
C2,7,2657,336,4
C2,8,2658,40,4
C2,9,2659,7A,4
C2,10,2660,39,4
C3,1,2661,259,4
C3,2,2662,192C,4
C3,3,2663,373,4
C3,4,2664,286,4
C3,5,2665,220,4
C3,6,2666,35,4
C3,7,2667,724B,4
C3,8,2668,285,4
C3,9,2669,8,4
C3,10,2670,174,4
C4,1,2671,382,4
C4,2,2672,417,4
C4,3,2673,276,4
C4,4,2674,342,4
C4,5,2675,67,4
C4,6,2676,372,4
C4,7,2677,184,4
C4,8,2678,748B,4
C4,9,2679,25B,4
C4,10,2680,87,4
C5,1,2681,733A,4
C5,2,2682,21,4
C5,3,2683,189,4
C5,4,2684,199,4
C5,5,2685,144A,4
C5,6,2686,281,4
C5,7,2687,92,4
C5,8,2688,192C,4
C5,9,2689,278,4
C5,10,2690,722A,4
C6,1,2691,169,4
C6,2,2692,303,4
C6,3,2693,16,4
C6,4,2694,524,4
C6,5,2695,325,4
C6,6,2696,259,4
C6,7,2697,313,4
C6,8,2698,90B,4
C6,9,2699,10,4
C6,10,2700,6B,4
C7,1,2701,283,4
C7,2,2702,146,4
C7,3,2703,219,4
C7,4,2704,C10,4
C7,5,2705,62,4
C7,6,2706,318,4
C7,7,2707,146,4
C7,8,2708,71,4
C7,9,2709,184,4
C7,10,2710,762A,4
C8,1,2711,7B,4
C8,2,2712,373,4
C8,3,2713,24,4
C8,4,2714,121,4
C8,5,2715,148B,4
C8,6,2716,5,4
C8,7,2717,182,4
C8,8,2718,724B,4
C8,9,2719,358,4
C8,10,2720,335,4
C9,1,2721,7A,4
C9,2,2722,10,4
C9,3,2723,36,4
C9,4,2724,90B,4
C9,5,2725,421,4
C9,6,2726,285,4
C9,7,2727,755A,4
C9,8,2728,386,4
C9,9,2729,258,4
C9,10,2730,158A,4
C10,1,2731,36,4
C10,2,2732,318,4
C10,3,2733,710B,4
C10,4,2734,18,4
C10,5,2735,183,4
C10,6,2736,230,4
C10,7,2737,216,4
C10,8,2738,148A,4
C10,9,2739,417,4
C10,10,2740,71,4
C11,1,2741,277,4
C11,2,2742,498,4
C11,3,2743,247,4
C11,4,2744,209,4
C11,5,2745,54,4
C11,6,2746,88,4
C11,7,2747,238,4
C11,8,2748,384,4
C11,9,2749,513,4
C11,10,2750,336,4
C12,1,2751,739A,4
C12,2,2752,231,4
C12,3,2753,27,4
C12,4,2754,726A,4
C12,5,2755,386,4
C12,6,2756,85,4
C12,7,2757,722B,4
C12,8,2758,762A,4
C12,9,2759,498,4
C12,10,2760,753B,4
D1,1,2761,313,4
D1,2,2762,200,4
D1,3,2763,57,4
D1,4,2764,753A,4
D1,5,2765,141,4
D1,6,2766,243B,4
D1,7,2767,215,4
D1,8,2768,27,4
D1,9,2769,740A,4
D1,10,2770,420,4
D2,1,2771,157,4
D2,2,2772,62,4
D2,3,2773,748A,4
D2,4,2774,191,4
D2,5,2775,733A,4
D2,6,2776,225,4
D2,7,2777,540,4
D2,8,2778,176A,4
D2,9,2779,702A,4
D2,10,2780,749B,4
D3,1,2781,701B,4
D3,2,2782,67,4
D3,3,2783,243A,4
D3,4,2784,539,4
D3,5,2785,57,4
D3,6,2786,73,4
D3,7,2787,714A,4
D3,8,2788,26,4
D3,9,2789,C6,4
D3,10,2790,282,4
D4,1,2791,342,4
D4,2,2792,73,4
D4,3,2793,89,4
D4,4,2794,409,4
D4,5,2795,220,4
D4,6,2796,282,4
D4,7,2797,C17,4
D4,8,2798,7B,4
D4,9,2799,154,4
D4,10,2800,39,4
D5,1,2801,141,4
D5,2,2802,258,4
D5,3,2803,761A,4
D5,4,2804,158B,4
D5,5,2805,183,4
D5,6,2806,526,4
D5,7,2807,247,4
D5,8,2808,145,4
D5,9,2809,525,4
D5,10,2810,757C,4
D6,1,2811,726B,4
D6,2,2812,15,4
D6,3,2813,710A,4
D6,4,2814,39,4
D6,5,2815,539,4
D6,6,2816,318,4
D6,7,2817,382,4
D6,8,2818,513,4
D6,9,2819,242,4
D6,10,2820,54,4
D7,1,2821,739A,4
D7,2,2822,144B,4
D7,3,2823,406,4
D7,4,2824,231,4
D7,5,2825,38,4
D7,6,2826,755A,4
D7,7,2827,498,4
D7,8,2828,7B,4
D7,9,2829,194,4
D7,10,2830,169,4
D8,1,2831,85,4
D8,2,2832,702A,4
D8,3,2833,101,4
D8,4,2834,533,4
D8,5,2835,69,4
D8,6,2836,62,4
D8,7,2837,9,4
D8,8,2838,174,4
D8,9,2839,142,4
D8,10,2840,526,4
D9,1,2841,317,4
D9,2,2842,319,4
D9,3,2843,72,4
D9,4,2844,97,4
D9,5,2845,220,4
D9,6,2846,722A,4
D9,7,2847,384,4
D9,8,2848,90A,4
D9,9,2849,142,4
D9,10,2850,79,4
D10,1,2851,46,4
D10,2,2852,277,4
D10,3,2853,79,4
D10,4,2854,724B,4
D10,5,2855,192C,4
D10,6,2856,522,4
D10,7,2857,753B,4
D10,8,2858,209,4
D10,9,2859,59,4
D10,10,2860,322,4
D11,1,2861,726A,4
D11,2,2862,733B,4
D11,3,2863,335,4
D11,4,2864,755A,4
D11,5,2865,762A,4
D11,6,2866,717A,4
D11,7,2867,522,4
D11,8,2868,320,4
D11,9,2869,200,4
D11,10,2870,476,4
D12,1,2871,73,4
D12,2,2872,32,4
D12,3,2873,17,4
D12,4,2874,524,4
D12,5,2875,78,4
D12,6,2876,342,4
D12,7,2877,114,4
D12,8,2878,325,4
D12,9,2879,204,4
D12,10,2880,246,4
E1,1,2881,204,4
E1,2,2882,303,4
E1,3,2883,33,4
E1,4,2884,209,4
E1,5,2885,701B,4
E1,6,2886,204,4
E1,7,2887,31,4
E1,8,2888,192D,4
E1,9,2889,158A,4
E1,10,2890,6B,4
E2,1,2891,40,4
E2,2,2892,148A,4
E2,3,2893,41,4
E2,4,2894,761A,4
E2,5,2895,176B,4
E2,6,2896,710A,4
E2,7,2897,154,4
E2,8,2898,36,4
E2,9,2899,523,4
E2,10,2900,524,4
E3,1,2901,123,4
E3,2,2902,286,4
E3,3,2903,54,4
E3,4,2904,281,4
E3,5,2905,174,4
E3,6,2906,748B,4
E3,7,2907,219,4
E3,8,2908,201,4
E3,9,2909,422,4
E3,10,2910,141,4
E4,1,2911,46,4
E4,2,2912,83,4
E4,3,2913,59,4
E4,4,2914,749A,4
E4,5,2915,31,4
E4,6,2916,710B,4
E4,7,2917,79,4
E4,8,2918,248,4
E4,9,2919,21,4
E4,10,2920,14,4
E5,1,2921,740A,4
E5,2,2922,18,4
E5,3,2923,724A,4
E5,4,2924,92,4
E5,5,2925,225,4
E5,6,2926,C15,4
E5,7,2927,215,4
E5,8,2928,83,4
E5,9,2929,358,4
E5,10,2930,117B,4
E6,1,2931,C7,4
E6,2,2932,277,4
E6,3,2933,33,4
E6,4,2934,540,4
E6,5,2935,283,4
E6,6,2936,422,4
E6,7,2937,8,4
E6,8,2938,755B,4
E6,9,2939,145,4
E6,10,2940,757A,4
E7,1,2941,C8,4
E7,2,2942,513,4
E7,3,2943,245,4
E7,4,2944,372,4
E7,5,2945,243B,4
E7,6,2946,746A,4
E7,7,2947,48,4
E7,8,2948,322,4
E7,9,2949,209,4
E7,10,2950,35,4
E8,1,2951,6A,4
E8,2,2952,25A,4
E8,3,2953,148B,4
E8,4,2954,421,4
E8,5,2955,749C,4
E8,6,2956,34,4
E8,7,2957,421,4
E8,8,2958,117B,4
E8,9,2959,48,4
E8,10,2960,35,4
E9,1,2961,189,4
E9,2,2962,7B,4
E9,3,2963,283,4
E9,4,2964,184,4
E9,5,2965,53,4
E9,6,2966,486,4
E9,7,2967,277,4
E9,8,2968,66,4
E9,9,2969,144B,4
E9,10,2970,386,4
E10,1,2971,540,4
E10,2,2972,523,4
E10,3,2973,201,4
E10,4,2974,9,4
E10,5,2975,183,4
E10,6,2976,69,4
E10,7,2977,54,4
E10,8,2978,384,4
E10,9,2979,753B,4
E10,10,2980,16,4
E11,1,2981,10,4
E11,2,2982,114,4
E11,3,2983,541,4
E11,4,2984,C1,4
E11,5,2985,282,4
E11,6,2986,86,4
E11,7,2987,757A,4
E11,8,2988,206,4
E11,9,2989,205,4
E11,10,2990,C5,4
E12,1,2991,53,4
E12,2,2992,417,4
E12,3,2993,286,4
E12,4,2994,25B,4
E12,5,2995,14,4
E12,6,2996,48,4
E12,7,2997,476,4
E12,8,2998,71,4
E12,9,2999,90B,4
E12,10,3000,701A,4
F1,1,3001,508,4
F1,2,3002,724A,4
F1,3,3003,86,4
F1,4,3004,259,4
F1,5,3005,319,4
F1,6,3006,78,4
F1,7,3007,82,4
F1,8,3008,320,4
F1,9,3009,740A,4
F1,10,3010,522,4
F2,1,3011,7A,4
F2,2,3012,420,4
F2,3,3013,25A,4
F2,4,3014,757A,4
F2,5,3015,43,4
F2,6,3016,748A,4
F2,7,3017,714B,4
F2,8,3018,320,4
F2,9,3019,46,4
F2,10,3020,189,4
F3,1,3021,101,4
F3,2,3022,C16,4
F3,3,3023,726B,4
F3,4,3024,702A,4
F3,5,3025,749C,4
F3,6,3026,386,4
F3,7,3027,530,4
F3,8,3028,206,4
F3,9,3029,192D,4
F3,10,3030,749A,4
F4,1,3031,148A,4
F4,2,3032,176B,4
F4,3,3033,539,4
F4,4,3034,93,4
F4,5,3035,25A,4
F4,6,3036,177,4
F4,7,3037,746B,4
F4,8,3038,739A,4
F4,9,3039,92,4
F4,10,3040,242,4
F5,1,3041,221,4
F5,2,3042,755B,4
F5,3,3043,148B,4
F5,4,3044,373,4
F5,5,3045,199,4
F5,6,3046,724B,4
F5,7,3047,476,4
F5,8,3048,724B,4
F5,9,3049,753B,4
F5,10,3050,701A,4
F6,1,3051,282,4
F6,2,3052,724B,4
F6,3,3053,701A,4
F6,4,3054,753B,4
F6,5,3055,476,4
F6,6,3056,282,4
F6,7,3057,476,4
F6,8,3058,757A,4
F6,9,3059,757A,4
F6,10,3060,753B,4
F7,1,3061,282,4
F7,2,3062,701A,4
EC1,1,ext. control,EC1,4
EC1,10,ext. control,EC10,4
EC2,1,ext. control,EC11,4
EC2,2,ext. control,EC12,4
EC2,3,ext. control,EC13,4
EC2,4,ext. control,EC14,4
EC2,5,ext. control,EC15,4
EC2,6,ext. control,EC16,4
EC2,7,ext. control,EC17,4
EC2,8,ext. control,EC18,4
EC2,9,ext. control,EC19,4
EC1,2,ext. control,EC2,4
EC2,10,ext. control,EC20,4
EC1,3,ext. control,EC3,4
EC1,4,ext. control,EC4,4
EC1,5,ext. control,EC5,4
EC1,6,ext. control,EC6,4
EC1,7,ext. control,EC7,4
EC1,8,ext. control,EC8,4
EC1,9,ext. control,EC9,4
